step,epoch,recon,dyn,pred_recon,var,l1,anchor,anchor_pred,total,latent_std
50,1,0.5461812615394592,0.0030187040101736784,0.5560482740402222,0.0,0.244757741689682,0.29736748337745667,0.29120486974716187,1.6940653324127197,0.4659890830516815
100,1,0.3867305815219879,0.006743431091308594,0.37332484126091003,0.0,0.2628450393676758,0.33433887362480164,0.30476874113082886,1.4061692953109741,0.4689418077468872
150,1,0.33703404664993286,0.00857764482498169,0.32529446482658386,0.0,0.27387315034866333,0.3056703209877014,0.2709380090236664,1.247788429260254,0.452511191368103
200,1,0.31381040811538696,0.008924636989831924,0.29905831813812256,0.0,0.27749842405319214,0.3056516945362091,0.27099719643592834,1.1987197399139404,0.4523596465587616
250,1,0.3131844699382782,0.007589224260300398,0.29013925790786743,0.0,0.27946174144744873,0.3348158895969391,0.2978626489639282,1.2438709735870361,0.4505474269390106
300,1,0.29934489727020264,0.008192106150090694,0.2723850607872009,0.0,0.28061527013778687,0.32388120889663696,0.28741204738616943,1.1914958953857422,0.4569062888622284
350,1,0.2873849868774414,0.00789664126932621,0.2674131691455841,0.0,0.2816358804702759,0.29439035058021545,0.2624587118625641,1.1198254823684692,0.46181976795196533
400,1,0.26714494824409485,0.010184231214225292,0.2564338445663452,0.0,0.28229498863220215,0.29387423396110535,0.26330041885375977,1.0912200212478638,0.4724982678890228
450,1,0.26144129037857056,0.008427152410149574,0.2477741837501526,0.0,0.28147560358047485,0.23659299314022064,0.21260112524032593,0.9671182036399841,0.47647517919540405
500,1,0.26056596636772156,0.01378709264099598,0.25719892978668213,0.0,0.2778087854385376,0.14318066835403442,0.1301499903202057,0.805160403251648,0.49170228838920593
550,1,0.2638144791126251,0.01097978837788105,0.2664758861064911,0.0,0.2700827717781067,0.03246587514877319,0.032276786863803864,0.6062828898429871,0.5002738237380981
600,1,0.22362305223941803,0.009482193738222122,0.22790426015853882,0.0,0.26274415850639343,0.012051176279783249,0.013251403346657753,0.48657482862472534,0.49736034870147705
650,1,0.2172345072031021,0.007617061026394367,0.21987682580947876,0.0,0.2555561065673828,0.009586354717612267,0.010320988483726978,0.4648912847042084,0.4949476718902588
700,1,0.19318684935569763,0.005270895082503557,0.19557057321071625,0.0,0.2493179440498352,0.008352466858923435,0.008104943670332432,0.41073504090309143,0.49227967858314514
750,1,0.18950697779655457,0.003895235015079379,0.19260790944099426,0.0,0.24392277002334595,0.005947470664978027,0.006076237186789513,0.39827775955200195,0.4923613667488098
800,1,0.18890514969825745,0.0035172447096556425,0.19367700815200806,0.0,0.24101796746253967,0.006966558750718832,0.006837112829089165,0.4001440703868866,0.4909534454345703
850,1,0.1828525960445404,0.0023190004285424948,0.18508312106132507,0.0,0.2396824061870575,0.005239776335656643,0.005173536017537117,0.38090768456459045,0.49130356311798096
900,1,0.17915844917297363,0.0021051412913948298,0.1820872575044632,0.0,0.23936909437179565,0.0045381467789411545,0.00455982331186533,0.3726882040500641,0.49085915088653564
950,1,0.17744719982147217,0.002250400837510824,0.18099752068519592,0.0,0.23921158909797668,0.00408966327086091,0.004025810398161411,0.3690498173236847,0.4861258566379547
1000,1,0.1791287511587143,0.002426543040201068,0.17703425884246826,0.0,0.2394055426120758,0.004223452880978584,0.004246565513312817,0.36729899048805237,0.4895089864730835
1050,1,0.17570579051971436,0.0020024506375193596,0.18147628009319305,0.0,0.23980900645256042,0.00370596325956285,0.003654134925454855,0.3667844235897064,0.48725754022598267
1100,1,0.1622057408094406,0.001934161176905036,0.16647398471832275,0.0,0.23973006010055542,0.0036568709183484316,0.0036415623035281897,0.33815205097198486,0.4794507920742035
1150,1,0.16312040388584137,0.0017886622808873653,0.16550935804843903,0.0,0.24023859202861786,0.0028308441396802664,0.002869500545784831,0.3363589942455292,0.48561227321624756
1200,1,0.16585145890712738,0.0018406349699944258,0.16917279362678528,0.0,0.240484356880188,0.0033859871327877045,0.0033467304892838,0.343838095664978,0.4824788272380829
1250,1,0.1584429293870926,0.0016701302956789732,0.1612136960029602,0.0,0.24021203815937042,0.002452670130878687,0.0024600368924438953,0.3264796733856201,0.48303407430648804
1300,1,0.1584998369216919,0.0016968442359939218,0.16083431243896484,0.0,0.23989006876945496,0.002495275577530265,0.0025160005316138268,0.3262821435928345,0.48038727045059204
1350,1,0.15771035850048065,0.0032931750174611807,0.15920835733413696,0.0,0.23900392651557922,0.0029031559824943542,0.002917279489338398,0.32627132534980774,0.48162931203842163
1400,2,0.16016940772533417,0.0013734563253819942,0.1604020595550537,0.0,0.2385571300983429,0.002541421912610531,0.0025177854113280773,0.3272427022457123,0.4813440442085266
1450,2,0.15744271874427795,0.0016763705061748624,0.15813960134983063,0.0,0.23774664103984833,0.0024131149984896183,0.0024131936952471733,0.3223227262496948,0.4806821346282959
1500,2,0.15445271134376526,0.001392187550663948,0.15667647123336792,0.0,0.2366132140159607,0.002399595221504569,0.00241810898296535,0.3175756633281708,0.4800191819667816
1550,2,0.1534806191921234,0.0013279169797897339,0.155064195394516,0.0,0.23536613583564758,0.0023844593670219183,0.002393981907516718,0.31488656997680664,0.48260176181793213
1600,2,0.14892271161079407,0.001119123538956046,0.15142910182476044,0.0,0.23416325449943542,0.0019515585154294968,0.001971879508346319,0.30562853813171387,0.48008567094802856
1650,2,0.14854839444160461,0.0012901534792035818,0.1513441801071167,0.0,0.23271536827087402,0.002041436266154051,0.00202782079577446,0.30548474192619324,0.4724760949611664
1700,2,0.1458941251039505,0.0012396757956594229,0.1495015025138855,0.0,0.23161542415618896,0.001921362243592739,0.0019406593637540936,0.3007289469242096,0.4736119508743286
1750,2,0.14602290093898773,0.0018184622749686241,0.15076451003551483,0.0,0.23006892204284668,0.0017143136356025934,0.0017217232380062342,0.3022719621658325,0.4771645665168762
1800,2,0.14403429627418518,0.0011766261886805296,0.14416247606277466,0.0,0.22905942797660828,0.0018086988711729646,0.0017978062387555838,0.2932089567184448,0.47570961713790894
1850,2,0.1471065878868103,0.0012618957553058863,0.14882320165634155,0.0,0.22799721360206604,0.0020230435766279697,0.0020249090157449245,0.301467627286911,0.47560685873031616
1900,2,0.14887750148773193,0.0014017121866345406,0.14916741847991943,0.0,0.22685837745666504,0.0017570999916642904,0.0017536114901304245,0.3031842112541199,0.48293083906173706
1950,2,0.14129702746868134,0.0010760650038719177,0.1419525295495987,0.0,0.22578418254852295,0.001620759256184101,0.0016335839172825217,0.2878057360649109,0.4742976427078247
2000,2,0.14512573182582855,0.001329953782260418,0.1469399482011795,0.0,0.22425752878189087,0.002159165684133768,0.0021395606454461813,0.2979186177253723,0.4765293598175049
2050,2,0.14150111377239227,0.0011862029787153006,0.1448592245578766,0.0,0.22315406799316406,0.0014801659854128957,0.00149694608990103,0.290746808052063,0.47325581312179565
2100,2,0.1417827308177948,0.0009030660148710012,0.14163148403167725,0.0,0.2220144420862198,0.0016584994737058878,0.0016726570902392268,0.28787046670913696,0.4759652614593506
2150,2,0.14277096092700958,0.0012256335467100143,0.14252862334251404,0.0,0.221047505736351,0.0013164796400815248,0.0013372881803661585,0.28940004110336304,0.473171591758728
2200,2,0.1387280821800232,0.0013869903050363064,0.1402827501296997,0.0,0.22012025117874146,0.0016516323667019606,0.001665723160840571,0.2839353084564209,0.48025956749916077
2250,2,0.13607485592365265,0.001176932593807578,0.13956500589847565,0.0,0.21894976496696472,0.001651763916015625,0.0016695442609488964,0.2803570628166199,0.4753163158893585
2300,2,0.13672763109207153,0.0012992634437978268,0.13908863067626953,0.0,0.21758803725242615,0.001760010840371251,0.0017525313887745142,0.28084564208984375,0.4775044620037079
2350,2,0.14327672123908997,0.001236845157109201,0.1396670639514923,0.0,0.21655458211898804,0.001664645504206419,0.0016661270055919886,0.287727952003479,0.4789518713951111
2400,2,0.13945189118385315,0.000994508620351553,0.13963130116462708,0.0,0.21583490073680878,0.0014374249149113894,0.0014528704341500998,0.2831838130950928,0.4750903248786926
2450,2,0.13957922160625458,0.0010260146809741855,0.1375609189271927,0.0,0.21493124961853027,0.0013836680445820093,0.0014064328279346228,0.28117120265960693,0.4755347967147827
2500,2,0.13861289620399475,0.0008523765718564391,0.1370294690132141,0.0,0.21406716108322144,0.0015916809206828475,0.0015896527329459786,0.27989014983177185,0.47661054134368896
2550,2,0.1349097490310669,0.0007753497920930386,0.13302502036094666,0.0,0.2130545675754547,0.0013446813682094216,0.0013595976633951068,0.2716274857521057,0.47551798820495605
2600,2,0.13529986143112183,0.0009813334327191114,0.1380401998758316,0.0,0.2119431495666504,0.001244520302861929,0.0012506188359111547,0.27702847123146057,0.4740749001502991
2650,2,0.1313582956790924,0.0009433598024770617,0.13326486945152283,0.0,0.21116243302822113,0.0012544406345114112,0.0012684117536991835,0.26830053329467773,0.47363367676734924
2700,2,0.13703633844852448,0.0009016085532493889,0.13603444397449493,0.0,0.2102106660604477,0.001330333761870861,0.0013443934731185436,0.2768573462963104,0.47729063034057617
2750,3,0.1308918446302414,0.0007763475878164172,0.13038717210292816,0.0,0.20948389172554016,0.0011214897967875004,0.0011350439162924886,0.26452139019966125,0.4729667901992798
2800,3,0.1353721171617508,0.001173590775579214,0.13363318145275116,0.0,0.20852994918823242,0.0014419759390875697,0.0014584247255697846,0.2732878029346466,0.47364509105682373
2850,3,0.13856618106365204,0.0007922564400359988,0.13617488741874695,0.0,0.2075137048959732,0.0012955294223502278,0.0012958256993442774,0.2783321738243103,0.47411027550697327
2900,3,0.12826040387153625,0.0007985878619365394,0.13215747475624084,0.0,0.20674529671669006,0.001359201385639608,0.0013570636510849,0.26413947343826294,0.4726978838443756
2950,3,0.13037195801734924,0.0008801520452834666,0.1301165521144867,0.0,0.20577487349510193,0.0015088340733200312,0.001523075858131051,0.2646063566207886,0.47670266032218933
3000,3,0.1312892585992813,0.000750640407204628,0.13336090743541718,0.0,0.20477071404457092,0.0013541446533054113,0.0013723373413085938,0.2683320939540863,0.4787731468677521
3050,3,0.12884438037872314,0.0008656514692120254,0.1294548064470291,0.0,0.20343473553657532,0.0010324008762836456,0.0010425228392705321,0.26144319772720337,0.47082826495170593
3100,3,0.12748892605304718,0.0007210742332972586,0.12877602875232697,0.0,0.20270629227161407,0.0012242556549608707,0.0012282510288059711,0.25964123010635376,0.47385483980178833
3150,3,0.12440457940101624,0.0009106651414185762,0.12767618894577026,0.0,0.20166859030723572,0.0012660268694162369,0.0012825214071199298,0.2557416558265686,0.4776691794395447
3200,3,0.12893018126487732,0.0007462081266567111,0.1321084350347519,0.0,0.200860396027565,0.0011130764614790678,0.0011223733890801668,0.2642211318016052,0.47465741634368896
3250,3,0.12582647800445557,0.000724644516594708,0.1285058706998825,0.0,0.1997814029455185,0.0014283397467806935,0.0014374760212376714,0.25812259316444397,0.47354447841644287
3300,3,0.12866175174713135,0.0008420575177296996,0.12973693013191223,0.0,0.1989372968673706,0.0013107182458043098,0.00130985036958009,0.2620602548122406,0.4744132161140442
3350,3,0.1298445612192154,0.00092274509370327,0.1294419914484024,0.0,0.1981431245803833,0.0012400895357131958,0.0012549377279356122,0.26290246844291687,0.4775305986404419
3400,3,0.12479297816753387,0.0007100296206772327,0.12504705786705017,0.0,0.19722522795200348,0.0010350083466619253,0.0010475744493305683,0.2528298795223236,0.4695107936859131
3450,3,0.12564799189567566,0.0006870575016364455,0.12744347751140594,0.0,0.19644325971603394,0.0011758747277781367,0.0011890227906405926,0.2563398778438568,0.47682613134384155
3500,3,0.12250705808401108,0.0006915866397321224,0.12426933646202087,0.0,0.19593209028244019,0.0011075707152485847,0.001126119401305914,0.24989759922027588,0.47458401322364807
3550,3,0.1240343451499939,0.0008193408139050007,0.1261986792087555,0.0,0.19450639188289642,0.0012758787488564849,0.0012636602623388171,0.25378644466400146,0.4705420732498169
3600,3,0.1249207854270935,0.0007000582991167903,0.12454544007778168,0.0,0.1937856823205948,0.0012239477364346385,0.0012351835612207651,0.2528192102909088,0.472441166639328
3650,3,0.12106305360794067,0.0007007778622210026,0.12214286625385284,0.0,0.19329124689102173,0.0011094585061073303,0.0011162378359586,0.24632570147514343,0.47601330280303955
3700,3,0.12418468296527863,0.0007765113841742277,0.12464149296283722,0.0,0.19197748601436615,0.001186511479318142,0.0012032489757984877,0.2521844208240509,0.47747915983200073
3750,3,0.11975488066673279,0.0007129802834242582,0.1215256005525589,0.0,0.19120344519615173,0.0009937947615981102,0.0010018344037234783,0.24418027698993683,0.475724995136261
3800,3,0.11981265991926193,0.0007057333714328706,0.12082953751087189,0.0,0.19045913219451904,0.0011859012302011251,0.0011895806528627872,0.24391387403011322,0.4712520241737366
3850,3,0.13049253821372986,0.0007784068584442139,0.12783870100975037,0.0,0.189672589302063,0.0013070791028439999,0.0013175926869735122,0.26192396879196167,0.4772873520851135
3900,3,0.12721651792526245,0.0007505633402615786,0.1243678480386734,0.0,0.18867026269435883,0.0014213540125638247,0.0014389760326594114,0.2553839385509491,0.4775804281234741
3950,3,0.11543341726064682,0.0006376576493494213,0.1189880520105362,0.0,0.18783879280090332,0.0009918371215462685,0.0009974164422601461,0.23723623156547546,0.4722382426261902
4000,3,0.11825837939977646,0.0007698776898905635,0.12030380964279175,0.0,0.18712590634822845,0.0010987482964992523,0.0011059773387387395,0.2417239248752594,0.4749738574028015
4050,3,0.11761324852705002,0.0007637481903657317,0.1171644777059555,0.0,0.18621471524238586,0.0011528261238709092,0.0011693612905219197,0.23804987967014313,0.47456812858581543
4100,4,0.11767460405826569,0.0007226718007586896,0.11985339224338531,0.0,0.1853952407836914,0.0009960083989426494,0.001005940604954958,0.24043802917003632,0.472480446100235
4150,4,0.11646285653114319,0.0008092934149317443,0.12137797474861145,0.0,0.1848887801170349,0.0010803398909047246,0.0010862521594390273,0.24100162088871002,0.4752458930015564
4200,4,0.11721877753734589,0.0007729419739916921,0.11912856251001358,0.0,0.1840084195137024,0.0009566767839714885,0.0009641567012295127,0.2392251342535019,0.47409915924072266
4250,4,0.11698629707098007,0.0007957606576383114,0.12196430563926697,0.0,0.18317390978336334,0.0012777748052030802,0.0012861243449151516,0.2424934357404709,0.477996826171875
4300,4,0.11386627703905106,0.0006919748848304152,0.11706521362066269,0.0,0.18258780241012573,0.0011202143505215645,0.0011089821346104145,0.23403525352478027,0.47095775604248047
4350,4,0.11675971746444702,0.0006117718294262886,0.11687381565570831,0.0,0.18214401602745056,0.0012024157913401723,0.0012125878129154444,0.23684243857860565,0.47263914346694946
4400,4,0.11581729352474213,0.000700495089404285,0.11844124644994736,0.0,0.18100985884666443,0.0011267277877777815,0.0011371518485248089,0.23740391433238983,0.4767369031906128
4450,4,0.115210622549057,0.0007387455552816391,0.11827107518911362,0.0,0.18028050661087036,0.0013875255826860666,0.0013948238920420408,0.23718306422233582,0.47728121280670166
4500,4,0.11336696147918701,0.0006717591313645244,0.11385711282491684,0.0,0.17941918969154358,0.0010604029521346092,0.001068196026608348,0.23020385205745697,0.46808239817619324
4550,4,0.11744583398103714,0.000569458759855479,0.11694289743900299,0.0,0.17854222655296326,0.001103479997254908,0.0011155684478580952,0.2373557835817337,0.47490549087524414
4600,4,0.11467079818248749,0.000722339958883822,0.11166485399007797,0.0,0.17781546711921692,0.00097807461861521,0.0009905978804454207,0.2292044758796692,0.47311726212501526
4650,4,0.11043299734592438,0.0008098373655229807,0.1175227016210556,0.0,0.1771964579820633,0.00127129047177732,0.0012794191716238856,0.23149344325065613,0.4775809049606323
4700,4,0.11407530307769775,0.0006462958408519626,0.1144210547208786,0.0,0.17681267857551575,0.0011232340475544333,0.001136451493948698,0.23157915472984314,0.4790169894695282
4750,4,0.11280189454555511,0.000631935428828001,0.11225301772356033,0.0,0.17613865435123444,0.00103343790397048,0.0010269390186294913,0.22792336344718933,0.46866971254348755
4800,4,0.10991401970386505,0.0006953291594982147,0.11238684505224228,0.0,0.1754687875509262,0.001082827104255557,0.0010904157534241676,0.2253449261188507,0.4779477119445801
4850,4,0.11147801578044891,0.000688670901581645,0.11358615756034851,0.0,0.1746753752231598,0.0010298199485987425,0.0010374448029324412,0.22799478471279144,0.47918155789375305
4900,4,0.1140158399939537,0.0007158669177442789,0.11426748335361481,0.0,0.1737367957830429,0.0010506152175366879,0.0010473085567355156,0.23127084970474243,0.47774720191955566
4950,4,0.10900372266769409,0.0006498016882687807,0.10924296081066132,0.0,0.17337912321090698,0.0010967364069074392,0.0010966837871819735,0.22126327455043793,0.4778263568878174
5000,4,0.10908143222332001,0.0006981176557019353,0.10897570848464966,0.0,0.17267243564128876,0.0009080673917196691,0.0009101959294639528,0.2207462042570114,0.4747939109802246
5050,4,0.11180369555950165,0.0006397795514203608,0.11226849257946014,0.0,0.17180906236171722,0.0013398868031799793,0.0013436428271234035,0.22756731510162354,0.47619298100471497
5100,4,0.10929566621780396,0.0006866391049697995,0.11023353040218353,0.0,0.17124703526496887,0.0012123751221224666,0.001222684746608138,0.2228221297264099,0.4744389057159424
5150,4,0.10706691443920135,0.0006732153706252575,0.11086425185203552,0.0,0.17054465413093567,0.0010959457140415907,0.0011187964119017124,0.2209896743297577,0.470314085483551
5200,4,0.10577519983053207,0.0006128327222540975,0.11008770763874054,0.0,0.1698153018951416,0.0010434554424136877,0.0010505146346986294,0.21873952448368073,0.47224074602127075
5250,4,0.10769593715667725,0.0006438232958316803,0.1100403219461441,0.0,0.16922366619110107,0.0009269004804082215,0.000935367017518729,0.22041156888008118,0.4706849455833435
5300,4,0.1075449287891388,0.0006494545959867537,0.10649328678846359,0.0,0.16831395030021667,0.0010340810986235738,0.0010464612860232592,0.21693652868270874,0.4760717749595642
5350,4,0.10595689713954926,0.0007854353170841932,0.10662177205085754,0.0,0.16793836653232574,0.001008101156912744,0.0010179270757362247,0.21555805206298828,0.4753081500530243
5400,4,0.10858576744794846,0.0006301074754446745,0.10818096250295639,0.0,0.16707924008369446,0.0012665169779211283,0.001277583884075284,0.2201080173254013,0.4776807427406311
5450,4,0.10913139581680298,0.0007010056870058179,0.10722976922988892,0.0,0.16636669635772705,0.001193137955851853,0.0011965384474024177,0.21961821615695953,0.4733210802078247
5500,5,0.10810478031635284,0.0007490998250432312,0.10868825018405914,0.0,0.16568386554718018,0.0013257339596748352,0.001327013480477035,0.22036056220531464,0.47523897886276245
5550,5,0.10304772108793259,0.0006676081102341413,0.10620643198490143,0.0,0.1649034172296524,0.0010556657798588276,0.001070548314601183,0.21221287548542023,0.4766606092453003
5600,5,0.1073148250579834,0.0007527691195718944,0.10961555689573288,0.0,0.1644202172756195,0.001251159468665719,0.001245748484507203,0.22034448385238647,0.47348445653915405
5650,5,0.10377492010593414,0.000610792834777385,0.10315066576004028,0.0,0.16334497928619385,0.001186508685350418,0.0011909294407814741,0.21007715165615082,0.4689614772796631
5700,5,0.10197944939136505,0.0006308993324637413,0.1033284142613411,0.0,0.16259020566940308,0.001050911145284772,0.0010614505736157298,0.2082137018442154,0.4745273292064667
5750,5,0.10578250139951706,0.0007143077673390508,0.1087847352027893,0.0,0.1620367467403412,0.0010557930218055844,0.0010639027459546924,0.21756327152252197,0.48016923666000366
5800,5,0.10268530249595642,0.0007023211219348013,0.10263094305992126,0.0,0.16170090436935425,0.0011712058912962675,0.0011853432515636086,0.20853681862354279,0.47399479150772095
5850,5,0.10178825259208679,0.0005977527471259236,0.1053338497877121,0.0,0.16062897443771362,0.0011392851592972875,0.0011436960194259882,0.21016347408294678,0.47425249218940735
5900,5,0.10716165602207184,0.0008586423937231302,0.10394448786973953,0.0,0.16022029519081116,0.0011453765910118818,0.0011567720212042332,0.2144271582365036,0.48047879338264465
5950,5,0.10636629164218903,0.0005913846543990076,0.10654904693365097,0.0,0.15961849689483643,0.0009574602590873837,0.0009715660708025098,0.21559537947177887,0.48014602065086365
6000,5,0.10204742848873138,0.0006327716982923448,0.10269945859909058,0.0,0.15877026319503784,0.0010830654064193368,0.0010894150473177433,0.20771092176437378,0.4772152304649353
6050,5,0.10414424538612366,0.00062500627245754,0.10588052123785019,0.0,0.15829715132713318,0.0010154773481190205,0.001030494226142764,0.2128540426492691,0.4781692624092102
6100,5,0.1050245389342308,0.0006146401865407825,0.1046636551618576,0.0,0.15778234601020813,0.0011426496785134077,0.0011471440084278584,0.2127504050731659,0.4788520336151123
6150,5,0.10352178663015366,0.0006800045957788825,0.10637167096138,0.0,0.15707680583000183,0.0011116008972749114,0.0011230979580432177,0.2129652351140976,0.4757830500602722
6200,5,0.10325534641742706,0.000654672272503376,0.10266441106796265,0.0,0.15633909404277802,0.0011139798443764448,0.0011274165008217096,0.20897218585014343,0.4830789268016815
6250,5,0.10380879789590836,0.0006019370630383492,0.10420848429203033,0.0,0.15585991740226746,0.0010967077687382698,0.0011010169982910156,0.21097281575202942,0.4788359999656677
6300,5,0.1011480838060379,0.0005595808615908027,0.10218504816293716,0.0,0.15569859743118286,0.0010850129183381796,0.001087901764549315,0.2062213271856308,0.4758490324020386
6350,5,0.1025189682841301,0.0006412083166651428,0.10458251088857651,0.0,0.15491265058517456,0.0010464005172252655,0.0010505402460694313,0.20999453961849213,0.47766727209091187
6400,5,0.0982181578874588,0.0005468936869874597,0.1012602150440216,0.0,0.15448570251464844,0.0009516358841210604,0.0009639051859267056,0.20209528505802155,0.4755604565143585
6450,5,0.10455995798110962,0.0006438348791562021,0.10429698973894119,0.0,0.1539224088191986,0.0009921494638547301,0.0009949080413207412,0.21164177358150482,0.47477787733078003
6500,5,0.09847180545330048,0.0006958572193980217,0.10182680189609528,0.0,0.15322238206863403,0.0008249569218605757,0.0008306606323458254,0.20280331373214722,0.4696305990219116
6550,5,0.09808492660522461,0.0006460529984906316,0.10152500122785568,0.0,0.15289640426635742,0.0010138786165043712,0.0010207591112703085,0.20244352519512177,0.47381827235221863
6600,5,0.0980319231748581,0.0007408137898892164,0.09979131817817688,0.0,0.15211592614650726,0.0010941169457510114,0.0011015214258804917,0.20091180503368378,0.47422948479652405
6650,5,0.10131078958511353,0.0006256478372961283,0.10500861704349518,0.0,0.1515091359615326,0.001125779701396823,0.0011276593431830406,0.20935001969337463,0.4757530391216278
6700,5,0.09997953474521637,0.0005817252676934004,0.10206382721662521,0.0,0.1506214141845703,0.0008417605422437191,0.0008491601329296827,0.20446664094924927,0.47546350955963135
6750,5,0.09836471825838089,0.0005264071514829993,0.10021288692951202,0.0,0.15035536885261536,0.0010349599178880453,0.0010472736321389675,0.2013365924358368,0.4791242778301239
6800,5,0.09503058344125748,0.0005701270420104265,0.10039178282022476,0.0,0.14983278512954712,0.0009471512748859823,0.0009519442683085799,0.1980414241552353,0.47327420115470886
6850,6,0.09796455502510071,0.0006840219721198082,0.09943996369838715,0.0,0.14917826652526855,0.0009791485499590635,0.0009880921570584178,0.20020495355129242,0.47574180364608765
6900,6,0.09735983610153198,0.0005148980999365449,0.0972280204296112,0.0,0.14846286177635193,0.0009288684814237058,0.0009336379589512944,0.19711372256278992,0.474209725856781
6950,6,0.09772329777479172,0.0005780761130154133,0.09799590706825256,0.0,0.1483275592327118,0.0009489626972936094,0.0009557882440276444,0.19835036993026733,0.47417980432510376
7000,6,0.09373783320188522,0.0004620149848051369,0.0968102440237999,0.0,0.1474601924419403,0.0008862679824233055,0.0008974871598184109,0.1929413080215454,0.4713733196258545
7050,6,0.09735170006752014,0.0005749603151343763,0.09843727946281433,0.0,0.14681702852249146,0.0009077771101146936,0.0009145911317318678,0.19833312928676605,0.4756830632686615
7100,6,0.09494544565677643,0.0005108791519887745,0.09935635328292847,0.0,0.14631599187850952,0.0010582164395600557,0.001067289849743247,0.19708450138568878,0.4717181324958801
7150,6,0.0978747084736824,0.0005896762013435364,0.09697821736335754,0.0,0.1455705761909485,0.0008312092395499349,0.0008302181959152222,0.1972496062517166,0.470852792263031
7200,6,0.0998014360666275,0.0007498748600482941,0.10208579897880554,0.0,0.145212784409523,0.0010324717732146382,0.0010400175815448165,0.2048548012971878,0.4788093864917755
7250,6,0.09776100516319275,0.0005534691736102104,0.0976056158542633,0.0,0.14472517371177673,0.001105080358684063,0.0011173386592417955,0.1982872188091278,0.47886160016059875
7300,6,0.0953616201877594,0.0005581520381383598,0.09730309247970581,0.0,0.14385592937469482,0.000852924888022244,0.0008582178852520883,0.19507786631584167,0.47325950860977173
7350,6,0.09637507051229477,0.0005074187647551298,0.09645639359951019,0.0,0.14359915256500244,0.0008634568657726049,0.0008691760012879968,0.1952151209115982,0.4786650836467743
7400,6,0.09509991109371185,0.000571692711673677,0.0994383916258812,0.0,0.1429908573627472,0.0009852169314399362,0.0009977584704756737,0.19723595678806305,0.48063433170318604
7450,6,0.09552662074565887,0.0005981345311738551,0.09531247615814209,0.0,0.14268404245376587,0.0008259104215539992,0.0008373607415705919,0.19324317574501038,0.4744494557380676
7500,6,0.09656552225351334,0.0006824558367952704,0.09733618795871735,0.0,0.14202024042606354,0.0009657983318902552,0.0009788589086383581,0.19667084515094757,0.47246426343917847
7550,6,0.09652309119701385,0.0005605221958830953,0.09630141407251358,0.0,0.14141489565372467,0.0009572186972945929,0.0009672936866991222,0.19545096158981323,0.47553667426109314
7600,6,0.09470066428184509,0.0006400587153621018,0.09540101885795593,0.0,0.14098435640335083,0.0010618387022987008,0.001074641477316618,0.19301921129226685,0.47621822357177734
7650,6,0.09733417630195618,0.0005060323746874928,0.09797140210866928,0.0,0.14033329486846924,0.0010101648513227701,0.0010062241926789284,0.19796834886074066,0.4738420248031616
7700,6,0.0903216302394867,0.0006146071245893836,0.09470663219690323,0.0,0.1398065686225891,0.0009504932095296681,0.0009645301033742726,0.18769769370555878,0.46961748600006104
7750,6,0.09330558776855469,0.0005457969382405281,0.09566106647253036,0.0,0.13972650468349457,0.0010770990047603846,0.0010869094403460622,0.19181619584560394,0.47723597288131714
7800,6,0.09253580123186111,0.0006183495279401541,0.09568312019109726,0.0,0.1385786384344101,0.0008633080869913101,0.0008703786879777908,0.19070953130722046,0.47520723938941956
7850,6,0.09148015826940536,0.0004392822738736868,0.09542258828878403,0.0,0.13816869258880615,0.0009563257917761803,0.0009764466085471213,0.1894129514694214,0.47482797503471375
7900,6,0.09801426529884338,0.0006390467751771212,0.09631990641355515,0.0,0.13710050284862518,0.0008676833822391927,0.0008720112964510918,0.1968500167131424,0.47608768939971924
7950,6,0.09320288151502609,0.0005481579573825002,0.09547846019268036,0.0,0.1368192732334137,0.0010411948896944523,0.0010438195895403624,0.19145134091377258,0.4741516411304474
8000,6,0.09536565840244293,0.0005999563727527857,0.0959775298833847,0.0,0.13614162802696228,0.000843557994812727,0.0008538324618712068,0.1937766671180725,0.4785572290420532
8050,6,0.09228886663913727,0.0006529981037601829,0.09463552385568619,0.0,0.1352437138557434,0.0010396651923656464,0.0010515461908653378,0.1898038536310196,0.4788576364517212
8100,6,0.0909336656332016,0.0005220540333539248,0.09257440268993378,0.0,0.13499154150485992,0.0008264041971415281,0.0008365570101886988,0.1858280599117279,0.4699580669403076
8150,6,0.09678389132022858,0.0005658484878949821,0.09709975123405457,0.0,0.13469767570495605,0.000922677805647254,0.0009283318649977446,0.19643518328666687,0.47591209411621094
8200,7,0.09451986849308014,0.0006102279876358807,0.09330811351537704,0.0,0.13423338532447815,0.0009586034575477242,0.0009664640529081225,0.1904975026845932,0.47653669118881226
8250,7,0.09167754650115967,0.0005378960631787777,0.09435740113258362,0.0,0.13358072936534882,0.0008818014757707715,0.0008945288136601448,0.18848276138305664,0.47654420137405396
8300,7,0.09045830368995667,0.0005645357887260616,0.09218895435333252,0.0,0.13300877809524536,0.0009249676368199289,0.0009402044815942645,0.1852099895477295,0.4760461151599884
8350,7,0.09176596999168396,0.0006182927754707634,0.09371210634708405,0.0,0.13249361515045166,0.0009364337893202901,0.0009454888058826327,0.18811078369617462,0.4746929407119751
8400,7,0.0909261405467987,0.0005194477853365242,0.0940217673778534,0.0,0.13195383548736572,0.0008019028464332223,0.0008132846560329199,0.18721449375152588,0.4793936610221863
8450,7,0.09110325574874878,0.0005773503798991442,0.09299425035715103,0.0,0.13140663504600525,0.0009731117752380669,0.0009807032765820622,0.1867600828409195,0.4766045808792114
8500,7,0.08987107872962952,0.00045781797962263227,0.09191624820232391,0.0,0.13064783811569214,0.0010451457928866148,0.0010552513413131237,0.18447618186473846,0.4774266481399536
8550,7,0.09253404289484024,0.0005666444776579738,0.0922870934009552,0.0,0.13011227548122406,0.0008452424081042409,0.0008507909951731563,0.1872139424085617,0.47788381576538086
8600,7,0.09145961701869965,0.00047293107490986586,0.09238191694021225,0.0,0.12952406704425812,0.0008661699248477817,0.0008747868123464286,0.18618494272232056,0.4663809835910797
8650,7,0.08794531226158142,0.0005265774670988321,0.08990383893251419,0.0,0.12913896143436432,0.0007694798987358809,0.0007793983677402139,0.1800537258386612,0.4747207760810852
8700,7,0.09369296580553055,0.0005844809347763658,0.09486891329288483,0.0,0.12882396578788757,0.0009864026214927435,0.000989106367342174,0.19125069677829742,0.48214951157569885
8750,7,0.09285106509923935,0.0005645828787237406,0.09074102342128754,0.0,0.12831565737724304,0.0009296978823840618,0.000942254438996315,0.18615694344043732,0.47802454233169556
8800,7,0.09138850122690201,0.0005671012331731617,0.09345537424087524,0.0,0.12801232933998108,0.000885730842128396,0.0008873795159161091,0.18731209635734558,0.4737658202648163
8850,7,0.09164778888225555,0.0004999487427994609,0.09014758467674255,0.0,0.12737955152988434,0.0009143559727817774,0.0009262808016501367,0.18426333367824554,0.47824928164482117
8900,7,0.09151337295770645,0.0006033250829204917,0.08802205324172974,0.0,0.1268332153558731,0.0010684037115424871,0.001079524285160005,0.1824135184288025,0.4687578082084656
8950,7,0.09090600162744522,0.000553286517970264,0.08978212624788284,0.0,0.12691591680049896,0.0010313084349036217,0.0010407357476651669,0.18344038724899292,0.4750528633594513
9000,7,0.08881265670061111,0.0005723169888369739,0.0898950845003128,0.0,0.1264963150024414,0.0008843021932989359,0.0008948916802182794,0.1811857521533966,0.4744110405445099
9050,7,0.08858423680067062,0.000521476729772985,0.09211942553520203,0.0,0.12601551413536072,0.0008907117298804224,0.0009027482010424137,0.18314461410045624,0.47763878107070923
9100,7,0.08956920355558395,0.0005837018834426999,0.09085918217897415,0.0,0.1255256086587906,0.0008156381081789732,0.0008127567125484347,0.18276602029800415,0.4746461510658264
9150,7,0.09152285754680634,0.0005413233302533627,0.09204673767089844,0.0,0.12507084012031555,0.0009329653112217784,0.0009379100520163774,0.1861068457365036,0.47433656454086304
9200,7,0.09102610498666763,0.0005613028770312667,0.09322215616703033,0.0,0.12479410320520401,0.0009005032479763031,0.0009053971152752638,0.18674026429653168,0.4792940020561218
9250,7,0.08897721022367477,0.000489387777633965,0.09030267596244812,0.0,0.12456796318292618,0.0008157825213856995,0.0008179193828254938,0.18152755498886108,0.4711762070655823
9300,7,0.08636590838432312,0.000485606724396348,0.09191401302814484,0.0,0.1241404265165329,0.0008389677386730909,0.0008536545792594552,0.18058229982852936,0.47743165493011475
9350,7,0.08787338435649872,0.0008197420393116772,0.09134072065353394,0.0,0.12410306185483932,0.0008508119499310851,0.0008628154173493385,0.18187157809734344,0.4721088409423828
9400,7,0.09223879873752594,0.000563978566788137,0.09247168898582458,0.0,0.12307222187519073,0.0008535867091268301,0.0008648590883240104,0.18711598217487335,0.4734516143798828
9450,7,0.09220558404922485,0.0004629759641829878,0.09038516879081726,0.0,0.12265869975090027,0.0009700976079329848,0.0009717057691887021,0.1851181834936142,0.47994789481163025
9500,7,0.08739013969898224,0.0005019198288209736,0.09000295400619507,0.0,0.12234602868556976,0.0008336555911228061,0.0008452890906482935,0.17969630658626556,0.4719356894493103
9550,8,0.08506250381469727,0.0005590415676124394,0.08761131763458252,0.0,0.12183810770511627,0.0008905694703571498,0.0009033788228407502,0.1751486361026764,0.4728214740753174
9600,8,0.08610959351062775,0.0005074305227026343,0.0883803740143776,0.0,0.12173724174499512,0.0008418214856646955,0.0008496376103721559,0.1768105924129486,0.4757961928844452
9650,8,0.08515456318855286,0.0006132805719971657,0.08832745254039764,0.0,0.12157130241394043,0.0007197385421022773,0.0007298454875126481,0.1756664663553238,0.4726247787475586
9700,8,0.08825138956308365,0.0005578687414526939,0.08830605447292328,0.0,0.12144222110509872,0.0008146512554958463,0.0008198574651032686,0.1788712739944458,0.474727988243103
9750,8,0.08923159539699554,0.0005225979257375002,0.09149967133998871,0.0,0.12117333710193634,0.0007903925143182278,0.000798268592916429,0.18296369910240173,0.4784981310367584
9800,8,0.085841603577137,0.0005791918956674635,0.08764149993658066,0.0,0.12075009942054749,0.0007453743601217866,0.0007522542146034539,0.17568066716194153,0.46866095066070557
9850,8,0.0868121087551117,0.0004952126182615757,0.08808797597885132,0.0,0.12018340826034546,0.0009972043335437775,0.001001502270810306,0.1775141805410385,0.47574564814567566
9900,8,0.088923878967762,0.00048376695485785604,0.08746229112148285,0.0,0.1198081225156784,0.0007928411941975355,0.0008028475567698479,0.17858542501926422,0.47249698638916016
9950,8,0.08798352628946304,0.0005754695739597082,0.08684870600700378,0.0,0.11929236352443695,0.0008906378643587232,0.0008921975968405604,0.17730984091758728,0.4816412329673767
10000,8,0.08933349698781967,0.0005314050940796733,0.09027467668056488,0.0,0.1185966432094574,0.0009348135208711028,0.0009407594334334135,0.182133749127388,0.4801737070083618
10050,8,0.08927648514509201,0.0011163598392158747,0.08938482403755188,0.0,0.11834383010864258,0.0010059215128421783,0.0010126502020284534,0.1819145828485489,0.47392213344573975
10100,8,0.08190450817346573,0.00047845402150414884,0.08265554904937744,0.0,0.11792369186878204,0.0006569274701178074,0.0006633311859332025,0.16647669672966003,0.46415239572525024
10150,8,0.08485424518585205,0.0005106515600346029,0.08642677962779999,0.0,0.11719754338264465,0.0007517676567658782,0.0007591036846861243,0.1734197437763214,0.4743334650993347
10200,8,0.08764934539794922,0.0005802667001262307,0.08835829794406891,0.0,0.1170891597867012,0.000853874022141099,0.0008583946619182825,0.17841726541519165,0.4757704436779022
10250,8,0.08967915177345276,0.0004899050109088421,0.08650486171245575,0.0,0.11659030616283417,0.0008100464474409819,0.0008143518352881074,0.17841491103172302,0.47477591037750244
10300,8,0.08923858404159546,0.0005232354160398245,0.08986987173557281,0.0,0.11593163758516312,0.0008054936188273132,0.0008040698012337089,0.18135717511177063,0.4751076400279999
10350,8,0.08448240160942078,0.0004291323130019009,0.08855541050434113,0.0,0.11604663729667664,0.0007584377308376133,0.0007720161229372025,0.17511345446109772,0.4705561101436615
10400,8,0.0841216892004013,0.0004412490234244615,0.08314274251461029,0.0,0.11545921862125397,0.0008157668053172529,0.0008194140973500907,0.16945631802082062,0.4673921763896942
10450,8,0.083525650203228,0.0005267447559162974,0.0835094079375267,0.0,0.11522910743951797,0.0009603230282664299,0.0009672966552898288,0.16960464417934418,0.4733453392982483
10500,8,0.08556032180786133,0.0004562989342957735,0.08592822402715683,0.0,0.1148468554019928,0.0008203610777854919,0.0008301560301333666,0.1737101972103119,0.4787827134132385
10550,8,0.08658964186906815,0.0007059462368488312,0.08752094954252243,0.0,0.11507648229598999,0.0007810925599187613,0.0007837543962523341,0.1764964759349823,0.47246235609054565
10600,8,0.0855935588479042,0.0004600146203301847,0.08786472678184509,0.0,0.11436999589204788,0.0007741709123365581,0.0007823375053703785,0.1755891889333725,0.47747284173965454
10650,8,0.08517668396234512,0.0004189311875961721,0.08657065033912659,0.0,0.11386147141456604,0.000706514052581042,0.0007149339653551579,0.17370156943798065,0.4717215895652771
10700,8,0.08372149616479874,0.0005458809318952262,0.0883835181593895,0.0,0.11343710869550705,0.0007843762286938727,0.000792065286077559,0.17434078454971313,0.4723808169364929
10750,8,0.08557960391044617,0.0005053011700510979,0.08664477616548538,0.0,0.11315517872571945,0.000832993711810559,0.0008372992742806673,0.17451311647891998,0.47407102584838867
10800,8,0.08314146101474762,0.00047240545973181725,0.08425081521272659,0.0,0.11279639601707458,0.0007152347243390977,0.0007255941163748503,0.1694183051586151,0.4669952094554901
10850,8,0.08453083038330078,0.0005118995904922485,0.08685091137886047,0.0,0.11250568181276321,0.0007704561576247215,0.0007822129991836846,0.1735588163137436,0.47352689504623413
10900,8,0.08524328470230103,0.0005328725092113018,0.08473296463489532,0.0,0.11209816485643387,0.0008354393066838384,0.0008399675134569407,0.1722966432571411,0.47029832005500793
10950,9,0.0814293920993805,0.0004733884707093239,0.08401081711053848,0.0,0.11163856834173203,0.0006492927786894143,0.0006554140127263963,0.16732993721961975,0.4672921895980835
11000,9,0.0830519050359726,0.0004489338316489011,0.08345957845449448,0.0,0.11141856014728546,0.0007074130699038506,0.0007166010327637196,0.16849584877490997,0.4660370945930481
11050,9,0.08724553138017654,0.0007665950106456876,0.08594483137130737,0.0,0.11114954203367233,0.0008552647777833045,0.0008650186937302351,0.17578838765621185,0.48039349913597107
11100,9,0.08284302055835724,0.0004939689533784986,0.08502128720283508,0.0,0.11082959175109863,0.0008444594568572938,0.0008536063833162189,0.17016716301441193,0.47744882106781006
11150,9,0.08604145795106888,0.0004663669387809932,0.08583801984786987,0.0,0.1100117564201355,0.000764025840908289,0.0007712491787970066,0.1739911437034607,0.4751873016357422
11200,9,0.08251924067735672,0.00047074680333025753,0.08096255362033844,0.0,0.11030416935682297,0.0006887970957905054,0.000694728922098875,0.16544637084007263,0.4702919125556946
11250,9,0.08273231238126755,0.000546707771718502,0.08353447914123535,0.0,0.10990817844867706,0.0007601022953167558,0.0007710650097578764,0.16845457255840302,0.4753883183002472
11300,9,0.08450092375278473,0.0004198571259621531,0.0839696079492569,0.0,0.10947319120168686,0.0007761790184304118,0.0007857754826545715,0.17056182026863098,0.47638821601867676
11350,9,0.08384652435779572,0.0004660092818085104,0.08584088087081909,0.0,0.1090983897447586,0.0007805207860656083,0.0007843889761716127,0.17182740569114685,0.470512330532074
11400,9,0.08238321542739868,0.00046674913028255105,0.08408430963754654,0.0,0.10884606838226318,0.0006877323612570763,0.000693781184963882,0.16842465102672577,0.46934837102890015
11450,9,0.08182630687952042,0.0005004639970138669,0.08368454873561859,0.0,0.10851157456636429,0.0007253576768562198,0.0007305433973670006,0.16757573187351227,0.4709489643573761
11500,9,0.08605878800153732,0.000548593292478472,0.08461698144674301,0.0,0.1082296222448349,0.0008614177349954844,0.0008645275374874473,0.17305852472782135,0.47535941004753113
11550,9,0.08088716119527817,0.0005782660446129739,0.08609246462583542,0.0,0.10753166675567627,0.0007498827180825174,0.0007587306899949908,0.16917403042316437,0.4733050763607025
11600,9,0.0847218930721283,0.0004948604037053883,0.08698500692844391,0.0,0.10720010101795197,0.0008874615887179971,0.0008932049386203289,0.17408962547779083,0.47594892978668213
11650,9,0.08028790354728699,0.0006481405580416322,0.0838845819234848,0.0,0.10672937333583832,0.0007328675128519535,0.0007446628878824413,0.1664048731327057,0.47502395510673523
11700,9,0.0814148336648941,0.0005070425104349852,0.08265117555856705,0.0,0.10631683468818665,0.0007124042022041976,0.0007164417183957994,0.16610820591449738,0.47489500045776367
11750,9,0.08300837129354477,0.0005323020741343498,0.08411023765802383,0.0,0.1060044914484024,0.0007949466817080975,0.0007986846612766385,0.1693505495786667,0.4753386080265045
11800,9,0.08361493051052094,0.00045863009290769696,0.08611458539962769,0.0,0.10546129941940308,0.0007419963367283344,0.0007456833263859153,0.1717812716960907,0.4729042053222656
11850,9,0.08092217147350311,0.0005652816034853458,0.08579875528812408,0.0,0.10555990785360336,0.000714000896550715,0.0007215214427560568,0.16882729530334473,0.4767378866672516
11900,9,0.08207455277442932,0.0004722661687992513,0.08119828999042511,0.0,0.105514757335186,0.0006346112350001931,0.0006388570764102042,0.1651240885257721,0.4716421365737915
11950,9,0.08400221168994904,0.0004682153230533004,0.08731488883495331,0.0,0.10503801703453064,0.0009446190088056028,0.0009515763376839459,0.17378656566143036,0.4747233986854553
12000,9,0.07974018156528473,0.0005531464703381062,0.08196121454238892,0.0,0.104770228266716,0.0006364454166032374,0.0006400854326784611,0.16363584995269775,0.46573352813720703
12050,9,0.08146858215332031,0.0004764549667015672,0.08289966732263565,0.0,0.10450714826583862,0.000683692516759038,0.0006868644850328565,0.16631977260112762,0.4711325764656067
12100,9,0.08094403147697449,0.00046891585225239396,0.08522659540176392,0.0,0.10384975373744965,0.0005926641169935465,0.0006015349645167589,0.16793757677078247,0.4746789336204529
12150,9,0.0829501673579216,0.00047020288184285164,0.08513318002223969,0.0,0.10329492390155792,0.0007382846088148654,0.0007456280291080475,0.17014077305793762,0.4728098511695862
12200,9,0.07797016948461533,0.00044617627281695604,0.08055448532104492,0.0,0.10355634987354279,0.0007752760429866612,0.0007800480234436691,0.16062971949577332,0.47115838527679443
12250,9,0.08182363957166672,0.000467026315163821,0.08229303359985352,0.0,0.1029127687215805,0.0007620486430823803,0.0007649546023458242,0.16621360182762146,0.47093403339385986
12300,10,0.08386380225419998,0.00044711038935929537,0.08244096487760544,0.0,0.1023155152797699,0.000694681191816926,0.0006957826553843915,0.1682446449995041,0.470798134803772
12350,10,0.08015193790197372,0.0004946240223944187,0.08526621758937836,0.0,0.10195456445217133,0.0008243185002356768,0.0008284140494652092,0.1676674634218216,0.470914363861084
12400,10,0.07837491482496262,0.0004802911716978997,0.08060812950134277,0.0,0.10200429707765579,0.0008182553574442863,0.0008234879933297634,0.16120709478855133,0.4720066785812378
12450,10,0.08223563432693481,0.00044439081102609634,0.08382987976074219,0.0,0.10157905519008636,0.0007404742646031082,0.0007520682411268353,0.16810402274131775,0.47524476051330566
12500,10,0.08353309333324432,0.0005015768110752106,0.08328750729560852,0.0,0.1016407310962677,0.0007259611156769097,0.0007330172811634839,0.16888278722763062,0.47086718678474426
12550,10,0.08035275340080261,0.00042401812970638275,0.08131887018680573,0.0,0.10179451107978821,0.0006406854372471571,0.0006488071521744132,0.16348691284656525,0.46971097588539124
12600,10,0.08089502155780792,0.0004657086101360619,0.08189362287521362,0.0,0.10125890374183655,0.0007415178115479648,0.0007509905844926834,0.16484811902046204,0.4732273519039154
12650,10,0.08410269021987915,0.0004561270761769265,0.08160323649644852,0.0,0.10089307278394699,0.0008200734155252576,0.0008256655419245362,0.1679086834192276,0.47481828927993774
12700,10,0.08019458502531052,0.0004857738967984915,0.08064551651477814,0.0,0.10073447227478027,0.0008100859704427421,0.0008138403063639998,0.16305053234100342,0.4756145179271698
12750,10,0.07901351153850555,0.0005272055277600884,0.08365875482559204,0.0,0.10038159787654877,0.0007122327806428075,0.0007188267190940678,0.16473090648651123,0.4720301330089569
12800,10,0.08130468428134918,0.0004408256208989769,0.08232501149177551,0.0,0.09974506497383118,0.000594162498600781,0.0006008791388012469,0.1653653085231781,0.4710524380207062
12850,10,0.07834434509277344,0.00045044737635180354,0.08078641444444656,0.0,0.09989672899246216,0.0006257705390453339,0.0006347782909870148,0.16094166040420532,0.468694806098938
12900,10,0.07999441772699356,0.0007381669711321592,0.08234240859746933,0.0,0.09943608939647675,0.0006326005095615983,0.0006360462284646928,0.16444307565689087,0.4694271385669708
12950,10,0.08176164329051971,0.0004324449400883168,0.08567079156637192,0.0,0.09916166961193085,0.0005974345840513706,0.0006039418512955308,0.16916543245315552,0.47381630539894104
13000,10,0.07929351925849915,0.00045915142982266843,0.08042888343334198,0.0,0.09931473433971405,0.0006677489727735519,0.0006737348739989102,0.16162234544754028,0.46994078159332275
13050,10,0.08051690459251404,0.000463680800748989,0.08050478249788284,0.0,0.09942971169948578,0.0006758511299267411,0.0006819891859777272,0.16294264793395996,0.4762721061706543
13100,10,0.08248032629489899,0.0005047540180385113,0.08245407044887543,0.0,0.09873372316360474,0.000690463581122458,0.0006972846458666027,0.16692563891410828,0.4742874801158905
13150,10,0.08294308185577393,0.0005011820467188954,0.08095517754554749,0.0,0.09813404083251953,0.000769329140894115,0.0007746481569483876,0.1660415679216385,0.47566261887550354
13200,10,0.07856187969446182,0.0005271517438814044,0.08125196397304535,0.0,0.09812258183956146,0.0007063104421831667,0.0007105644326657057,0.16185599565505981,0.4752909243106842
13250,10,0.08003824204206467,0.0005086467135697603,0.07961513102054596,0.0,0.09826646745204926,0.0007178639061748981,0.0007262042490765452,0.16170436143875122,0.4733807444572449
13300,10,0.08001916110515594,0.00050753029063344,0.08059906959533691,0.0,0.09775130450725555,0.0007148500881157815,0.0007272520451806486,0.16266562044620514,0.4706137776374817
13350,10,0.08055146783590317,0.00046589039266109467,0.08121394366025925,0.0,0.09744300693273544,0.0006427067564800382,0.0006442166049964726,0.1636156588792801,0.46895766258239746
13400,10,0.07798270881175995,0.00043282037950120866,0.08160979300737381,0.0,0.09737645834684372,0.0006395955570042133,0.0006444103782996535,0.1614067107439041,0.47556522488594055
13450,10,0.07783273607492447,0.000408192805480212,0.08088082820177078,0.0,0.09709955006837845,0.0006167904939502478,0.0006206325488165021,0.16045626997947693,0.4702882766723633
13500,10,0.08284144848585129,0.000527269730810076,0.08489536494016647,0.0,0.09700986742973328,0.0008346280665136874,0.0008404934196732938,0.1700362265110016,0.47850197553634644
13550,10,0.07894375920295715,0.000570188625715673,0.08252457529306412,0.0,0.09673896431922913,0.0006932130199857056,0.0006975497817620635,0.1635260283946991,0.47481539845466614
13600,10,0.0755445808172226,0.0005090177292004228,0.0811930000782013,0.0,0.09672847390174866,0.0006563536007888615,0.000664348597638309,0.1586640179157257,0.4719477891921997
13650,11,0.08111140131950378,0.00045632716501131654,0.08010311424732208,0.0,0.09648885577917099,0.0008307945681735873,0.0008439700468443334,0.16344209015369415,0.47484076023101807
13700,11,0.08187290281057358,0.0004875869199167937,0.07789979875087738,0.0,0.09633360058069229,0.0006978391320444643,0.0007065622485242784,0.16176103055477142,0.4696524441242218
13750,11,0.07877199351787567,0.0004401248588692397,0.08072677254676819,0.0,0.09621770679950714,0.0006172450957819819,0.0006229432765394449,0.16127531230449677,0.47243672609329224
13800,11,0.07952955365180969,0.0004807855002582073,0.08068154752254486,0.0,0.09590587019920349,0.0005415673367679119,0.0005480484687723219,0.16187740862369537,0.4690703749656677
13850,11,0.07743172347545624,0.0004265015013515949,0.07995430380105972,0.0,0.0954778641462326,0.0006678806967101991,0.0006718205404467881,0.15924771130084991,0.4682374596595764
13900,11,0.07995404303073883,0.0004801747272722423,0.08037202060222626,0.0,0.09540137648582458,0.0008064053254202008,0.0008098507532849908,0.16251789033412933,0.47540366649627686
13950,11,0.07655270397663116,0.00044749066000804305,0.0785251036286354,0.0,0.0954391360282898,0.0006226500845514238,0.0006292735342867672,0.15687265992164612,0.4724041223526001
14000,11,0.07866501063108444,0.0005080925766378641,0.08097164332866669,0.0,0.09536058455705643,0.000722279422916472,0.0007233538199216127,0.1616857498884201,0.4709317982196808
14050,11,0.07614298909902573,0.0004758865397889167,0.08195346593856812,0.0,0.0948081761598587,0.0006583061185665429,0.0006648090784437954,0.15999026596546173,0.4742095470428467
14100,11,0.07808434218168259,0.00043753511272370815,0.07927117496728897,0.0,0.09468160569667816,0.0006377985700964928,0.0006429339991882443,0.15916846692562103,0.47313591837882996
14150,11,0.07861139625310898,0.0004798203008249402,0.07995814085006714,0.0,0.09472833573818207,0.0006555821164511144,0.0006591613055206835,0.16045883297920227,0.47420787811279297
14200,11,0.0767241045832634,0.0005418743821792305,0.08233195543289185,0.0,0.09439200162887573,0.0007183108245953918,0.0007270767819136381,0.16113771498203278,0.4771353602409363
14250,11,0.07935298979282379,0.0005254300776869059,0.08102749288082123,0.0,0.09428349137306213,0.0006244583055377007,0.000627483765129,0.16225212812423706,0.47215092182159424
14300,11,0.07929907739162445,0.000469411927042529,0.08118585497140884,0.0,0.0937347337603569,0.0006852832739241421,0.0006888381321914494,0.16242219507694244,0.4728972017765045
14350,11,0.07878217846155167,0.00040256796637549996,0.07931381464004517,0.0,0.09340871125459671,0.0007660370320081711,0.0007691302453167737,0.16012713313102722,0.4751502573490143
14400,11,0.07947546243667603,0.00044243730371817946,0.07855983078479767,0.0,0.09313827753067017,0.0007114983163774014,0.0007173249614425004,0.15999968349933624,0.4763540029525757
14450,11,0.08010053634643555,0.00044947306741960347,0.07759353518486023,0.0,0.09315134584903717,0.0005742903449572623,0.0005789055721834302,0.1593898981809616,0.46907544136047363
14500,11,0.07942353188991547,0.00041171861812472343,0.07950210571289062,0.0,0.09296242892742157,0.0009105107747018337,0.0009164537768810987,0.1612572968006134,0.47384113073349
14550,11,0.07941867411136627,0.0004855017177760601,0.08080259710550308,0.0,0.09278026968240738,0.0007063490338623524,0.000710021355189383,0.162215918302536,0.4728001356124878
14600,11,0.07807358354330063,0.0004655921075027436,0.0802183523774147,0.0,0.0923851728439331,0.0007383311167359352,0.0007415267755277455,0.16032978892326355,0.4713294506072998
14650,11,0.07821471989154816,0.0004753005341626704,0.08138886839151382,0.0,0.09253854304552078,0.0007058498449623585,0.0007116160122677684,0.1615888923406601,0.4770657420158386
14700,11,0.07717033475637436,0.00047367028309963644,0.07882402092218399,0.0,0.09206779301166534,0.0005948614561930299,0.0006013378733769059,0.15775631368160248,0.4706052541732788
14750,11,0.07678521424531937,0.0004418465541675687,0.08071794360876083,0.0,0.09166982024908066,0.0005874971393495798,0.000595300632994622,0.15921947360038757,0.46824589371681213
14800,11,0.07864847034215927,0.0005438017542473972,0.08416546136140823,0.0,0.09176409244537354,0.0006732526235282421,0.0006778350798413157,0.16480058431625366,0.4736294746398926
14850,11,0.07597547769546509,0.0003912520769517869,0.07620026916265488,0.0,0.09156689792871475,0.0005882480181753635,0.0005943775177001953,0.15384119749069214,0.467631071805954
14900,11,0.07937736809253693,0.0004503256641328335,0.08019741624593735,0.0,0.09122702479362488,0.0006628535338677466,0.0006698443321511149,0.16144904494285583,0.474204421043396
14950,11,0.07549332827329636,0.0004670234920922667,0.07939645648002625,0.0,0.09095761924982071,0.0006158013129606843,0.0006166346138343215,0.15668019652366638,0.4725906252861023
15000,11,0.07702858746051788,0.0006485831690952182,0.08020471036434174,0.0,0.09082211554050446,0.0005679088644683361,0.0005759563646279275,0.15911656618118286,0.4693230986595154
15050,12,0.07707874476909637,0.0004782257310580462,0.07856275141239166,0.0,0.0909074991941452,0.0006353753851726651,0.0006396705866791308,0.15748567879199982,0.4718630909919739
15100,12,0.07614347338676453,0.00040291534969583154,0.076388880610466,0.0,0.09063111245632172,0.0005749448901042342,0.0005829876754432917,0.15418383479118347,0.47295743227005005
15150,12,0.076121024787426,0.00066923419944942,0.07835778594017029,0.0,0.09066803753376007,0.0006843763403594494,0.0006918430444784462,0.15661494433879852,0.47533220052719116
15200,12,0.0770774632692337,0.00047268412890844047,0.08361010253429413,0.0,0.0899030938744545,0.0007076131878420711,0.000712622597347945,0.16267038881778717,0.4723128080368042
15250,12,0.07677307724952698,0.00048464041901752353,0.08073866367340088,0.0,0.08989977836608887,0.0006553588900715113,0.0006597790634259582,0.15940141677856445,0.4770015478134155
15300,12,0.07875306159257889,0.0006780120893381536,0.07790675759315491,0.0,0.08962978422641754,0.000758788431994617,0.0007649780018255115,0.15895122289657593,0.47768524289131165
15350,12,0.07908768206834793,0.00038555203354917467,0.07980658859014511,0.0,0.08964595198631287,0.0006147227250039577,0.0006198830669745803,0.1606040745973587,0.4723069369792938
15400,12,0.07511571049690247,0.0004609987954609096,0.07723448425531387,0.0,0.08937917649745941,0.0005717235035263002,0.0005799576174467802,0.1540522575378418,0.47309333086013794
15450,12,0.07666470855474472,0.000440627452917397,0.07539407908916473,0.0,0.08909222483634949,0.0005709247197955847,0.0005781432846561074,0.15373757481575012,0.47185128927230835
15500,12,0.07722734659910202,0.0004459816263988614,0.07981420308351517,0.0,0.0890771746635437,0.0005475006182678044,0.0005512171192094684,0.15867534279823303,0.46710672974586487
15550,12,0.07535968720912933,0.00046910010860301554,0.07809948176145554,0.0,0.08912647515535355,0.000705114915035665,0.0007086016703397036,0.1554311215877533,0.47604605555534363
15600,12,0.075733482837677,0.0005048227030783892,0.0771479532122612,0.0,0.08866474032402039,0.000667625805363059,0.0006756392540410161,0.15481819212436676,0.4731350541114807
15650,12,0.07607300579547882,0.00045873166527599096,0.07541967183351517,0.0,0.08802046626806259,0.0007079490460455418,0.0007189997704699636,0.1534663736820221,0.4674564301967621
15700,12,0.07748327404260635,0.00045504880836233497,0.07699096202850342,0.0,0.08802077174186707,0.0007217975798994303,0.0007325569167733192,0.15647165477275848,0.4748730957508087
15750,12,0.07512208074331284,0.0004231409402564168,0.07587282359600067,0.0,0.08781836181879044,0.0005796654149889946,0.0005831904709339142,0.15266871452331543,0.46651238203048706
15800,12,0.0787695050239563,0.0004601345572154969,0.07919099926948547,0.0,0.08776360005140305,0.0006096831057220697,0.0006113644922152162,0.15972945094108582,0.47450461983680725
15850,12,0.07831744104623795,0.0005793069140054286,0.07952161133289337,0.0,0.08762606978416443,0.0006580805638805032,0.0006697295466437936,0.15983378887176514,0.475815087556839
15900,12,0.07417836040258408,0.0005650158855132759,0.07679123431444168,0.0,0.08736030757427216,0.0005821991362608969,0.0005838192300871015,0.15278799831867218,0.47128498554229736
15950,12,0.07851400226354599,0.0004449166590347886,0.07929938286542892,0.0,0.08707600831985474,0.0006015393882989883,0.0006097496370784938,0.15955667197704315,0.47438251972198486
16000,12,0.07486031204462051,0.00045261377817951143,0.0767277181148529,0.0,0.08722726255655289,0.0006416664691641927,0.0006517429719679058,0.1534212827682495,0.47609302401542664
16050,12,0.07632623612880707,0.0004453710571397096,0.07933393865823746,0.0,0.08676733076572418,0.0007910588756203651,0.0007902916986495256,0.1577736735343933,0.4706040024757385
16100,12,0.07512998580932617,0.0005176296690478921,0.07861458510160446,0.0,0.08665734529495239,0.0007471879362128675,0.0007552739698439837,0.1558513194322586,0.46887481212615967
16150,12,0.0767766535282135,0.0004387082881294191,0.07656101882457733,0.0,0.08633008599281311,0.0006562299677170813,0.0006655656034126878,0.15518450736999512,0.46753743290901184
16200,12,0.07812829315662384,0.0004792513500433415,0.07678375393152237,0.0,0.08622627705335617,0.0007441823254339397,0.0007469558622688055,0.15696868300437927,0.473134309053421
16250,12,0.07535336911678314,0.00046547676902264357,0.0788109302520752,0.0,0.08609718084335327,0.0005465581780299544,0.000553992809727788,0.15581642091274261,0.4705752730369568
16300,12,0.07541748136281967,0.00044920339132659137,0.078044593334198,0.0,0.08580498397350311,0.0006157240713946521,0.000619485042989254,0.1552322804927826,0.4681296646595001
16350,12,0.07617417722940445,0.0004632056225091219,0.07830291986465454,0.0,0.08549890667200089,0.0006019888678565621,0.0006037928396835923,0.1562315970659256,0.4701822102069855
16400,13,0.07224395871162415,0.0004623738641384989,0.07630181312561035,0.0,0.08538150042295456,0.0005553701776079834,0.0005604915204457939,0.15020939707756042,0.47051528096199036
16450,13,0.07528118044137955,0.00045769126154482365,0.07604171335697174,0.0,0.08533743023872375,0.0005832051392644644,0.0005910928593948483,0.15304021537303925,0.47186970710754395
16500,13,0.07120314240455627,0.0005329031264409423,0.07557482272386551,0.0,0.08496761322021484,0.0005169341457076371,0.000524800387211144,0.14843757450580597,0.469610333442688
16550,13,0.07395042479038239,0.00047864820226095617,0.07766834646463394,0.0,0.08499502390623093,0.000642159313429147,0.0006552275153808296,0.15347979962825775,0.4753720164299011
16600,13,0.07827362418174744,0.0004681686987169087,0.07740139961242676,0.0,0.08483278751373291,0.0005829393048770726,0.0005871039466001093,0.15739805996418,0.4735570549964905
16650,13,0.07603292167186737,0.0005035836366005242,0.07965762913227081,0.0,0.0843081921339035,0.0005599834257736802,0.0005674635758623481,0.15740589797496796,0.4724503457546234
16700,13,0.07463056594133377,0.0004440241609700024,0.07769577950239182,0.0,0.08449476212263107,0.0005790211725980043,0.000583451590500772,0.15401732921600342,0.4666009545326233
16750,13,0.074074387550354,0.00036049383925274014,0.07653985917568207,0.0,0.08429229259490967,0.0005723400390706956,0.0005749232368543744,0.15220631659030914,0.4700157642364502
16800,13,0.07525359094142914,0.00043422216549515724,0.07514602690935135,0.0,0.08399829268455505,0.0006226252298802137,0.0006251042941585183,0.15216557681560516,0.4712810814380646
16850,13,0.07620234787464142,0.0005048676976002753,0.07707081735134125,0.0,0.08383898437023163,0.0005524648586288095,0.0005574207752943039,0.15497174859046936,0.47079434990882874
16900,13,0.07566390931606293,0.0004718957934528589,0.07730773091316223,0.0,0.08355247974395752,0.0005795498145744205,0.0005855406634509563,0.15469218790531158,0.4675602316856384
16950,13,0.07633166015148163,0.0004354770644567907,0.07616003602743149,0.0,0.08341546356678009,0.0006121964543126523,0.0006161283235996962,0.15423890948295593,0.4723859429359436
17000,13,0.07895252108573914,0.0004098190111108124,0.07624829560518265,0.0,0.08329322934150696,0.0006210448918864131,0.0006268274737522006,0.15694180130958557,0.46665340662002563
17050,13,0.07583262771368027,0.0003832008223980665,0.07670341432094574,0.0,0.08314400911331177,0.0005532517097890377,0.0005581872537732124,0.15411381423473358,0.4681779146194458
17100,13,0.0806070864200592,0.0004627608577720821,0.0797763466835022,0.0,0.08325980603694916,0.0005919872783124447,0.0005941265844739974,0.16211557388305664,0.47246742248535156
17150,13,0.077335886657238,0.0005529430345632136,0.07814144343137741,0.0,0.08295349031686783,0.0006624253583140671,0.0006675732438452542,0.15744322538375854,0.47179099917411804
17200,13,0.07289037853479385,0.0004101857775822282,0.07529965788125992,0.0,0.08269171416759491,0.0005550116184167564,0.0005575563991442323,0.14979547262191772,0.4679291248321533
17250,13,0.07803454250097275,0.00044226337922737,0.07888806611299515,0.0,0.08264528214931488,0.0005428193253464997,0.0005462515400722623,0.15853658318519592,0.46890178322792053
17300,13,0.07292366027832031,0.00041836785385385156,0.07516735792160034,0.0,0.08247926086187363,0.00048192261601798236,0.0004886359674856067,0.14956241846084595,0.4679921865463257
17350,13,0.07124224305152893,0.00040543481009081006,0.07410009205341339,0.0,0.08229044079780579,0.000498297973535955,0.0005055442452430725,0.14683391153812408,0.4687038064002991
17400,13,0.07533610612154007,0.00070874736411497,0.0772983506321907,0.0,0.08219413459300995,0.0005680292379111052,0.000576772668864578,0.15457019209861755,0.4695630669593811
17450,13,0.0745576024055481,0.0004669342015404254,0.07576446980237961,0.0,0.08187532424926758,0.0005225603235885501,0.000527719035744667,0.15192116796970367,0.4702935814857483
17500,13,0.07635779678821564,0.000426132814027369,0.07837231457233429,0.0,0.08179572224617004,0.0006240597576834261,0.0006322002736851573,0.15649430453777313,0.4754284620285034
17550,13,0.07550305873155594,0.00038233163650147617,0.07831503450870514,0.0,0.08157829940319061,0.0005644266493618488,0.0005684392526745796,0.155414879322052,0.4710800051689148
17600,13,0.07477367669343948,0.000512763625010848,0.07590772956609726,0.0,0.08159154653549194,0.0006557535380125046,0.0006608368130400777,0.15259236097335815,0.46989378333091736
17650,13,0.07943461090326309,0.0005446661962196231,0.07505794614553452,0.0,0.08154256641864777,0.0005986398318782449,0.0006022816523909569,0.15631967782974243,0.4698221981525421
17700,13,0.07615316659212112,0.0004913196316920221,0.07432816177606583,0.0,0.08170654624700546,0.0005561743164435029,0.0005604696925729513,0.15217100083827972,0.47323185205459595
17750,14,0.07414224743843079,0.0004968163557350636,0.07420532405376434,0.0,0.08148225396871567,0.0006087890360504389,0.000619254307821393,0.15015392005443573,0.4747697114944458
17800,14,0.07418011128902435,0.00046018019202165306,0.0748184323310852,0.0,0.08135831356048584,0.00048675871221348643,0.0004934534663334489,0.15052029490470886,0.46668708324432373
17850,14,0.07737958431243896,0.0003876565315295011,0.07644641399383545,0.0,0.08094088733196259,0.000539545202627778,0.0005452554323710501,0.15537939965724945,0.47498059272766113
17900,14,0.07461652904748917,0.0003836658434011042,0.07460583746433258,0.0,0.08092151582241058,0.0004989592125639319,0.00050335907144472,0.1506892740726471,0.4661198854446411
17950,14,0.07436954975128174,0.0004687573527917266,0.07415544241666794,0.0,0.0807628408074379,0.0006330356700345874,0.0006322443950921297,0.15033981204032898,0.46856003999710083
18000,14,0.07368101179599762,0.0004469187406357378,0.07627565413713455,0.0,0.08073066920042038,0.0006796750822104514,0.0006839900743216276,0.1518479883670807,0.4752867519855499
18050,14,0.07305807620286942,0.00044852864812128246,0.07680168002843857,0.0,0.08053313195705414,0.0005376023473218083,0.0005424584960564971,0.15146887302398682,0.47419506311416626
18100,14,0.07445885241031647,0.0004319748259149492,0.0745186060667038,0.0,0.0802062377333641,0.0005638815346173942,0.0005699366447515786,0.15062347054481506,0.46917110681533813
18150,14,0.07714951783418655,0.0004871798155363649,0.07469306141138077,0.0,0.08034993708133698,0.0005609391955658793,0.0005639810115098953,0.15353502333164215,0.467915415763855
18200,14,0.07521768659353256,0.0004167700535617769,0.07712192833423615,0.0,0.08000782132148743,0.000582909444347024,0.0005889278836548328,0.15400823950767517,0.4711189270019531
18250,14,0.07353287935256958,0.00040503102354705334,0.07274731993675232,0.0,0.0800195038318634,0.0006084345513954759,0.000612420029938221,0.14798609912395477,0.46963685750961304
18300,14,0.07436154037714005,0.00043272163020446897,0.07668765634298325,0.0,0.0795491635799408,0.0005104156443849206,0.0005178828723728657,0.15258976817131042,0.4733468294143677
18350,14,0.07323551177978516,0.0004031966091133654,0.07398936152458191,0.0,0.0794566422700882,0.0004679311823565513,0.00047258276026695967,0.14864803850650787,0.46979403495788574
18400,14,0.07544071972370148,0.0004319795698393136,0.07633571326732635,0.0,0.0791366845369339,0.0005972838844172657,0.0006016814731992781,0.15348652005195618,0.472257137298584
18450,14,0.07299327850341797,0.00046041380846872926,0.07533681392669678,0.0,0.07927566766738892,0.0005963638541288674,0.0006100508035160601,0.15007619559764862,0.4703305959701538
18500,14,0.07622615247964859,0.0004586978757288307,0.07573331147432327,0.0,0.0789230689406395,0.0005905535072088242,0.0005983694572933018,0.15368600189685822,0.471018522977829
18550,14,0.0751626268029213,0.00051021424587816,0.07581379264593124,0.0,0.07889991998672485,0.0006365765584632754,0.0006430254434235394,0.15284514427185059,0.4768199920654297
18600,14,0.07090882956981659,0.00042339504580013454,0.07344615459442139,0.0,0.0788823664188385,0.0005777388578280807,0.0005845266859978437,0.14601951837539673,0.46996694803237915
18650,14,0.07242091745138168,0.0004370929964352399,0.07295475900173187,0.0,0.07821919023990631,0.0005701124318875372,0.0005711651756428182,0.14703227579593658,0.471744179725647
18700,14,0.0751015692949295,0.0004603972192853689,0.075393907725811,0.0,0.07856805622577667,0.0006072610849514604,0.0006149897817522287,0.15225669741630554,0.4711809754371643
18750,14,0.0740407407283783,0.00045948498882353306,0.07395204156637192,0.0,0.07804587483406067,0.0005337442271411419,0.0005407861317507923,0.14960485696792603,0.469513475894928
18800,14,0.07327676564455032,0.0004662644350901246,0.07279704511165619,0.0,0.07796083390712738,0.000636564043816179,0.000643534935079515,0.1478981375694275,0.4710262417793274
18850,14,0.07303892821073532,0.00043760251719504595,0.0787176787853241,0.0,0.07820672541856766,0.0005088780890218914,0.0005161371664144099,0.15329742431640625,0.4651455879211426
18900,14,0.07329002767801285,0.0005104262381792068,0.07801805436611176,0.0,0.07800629734992981,0.0004899944760836661,0.0004932923475280404,0.15287980437278748,0.46542513370513916
18950,14,0.07397449016571045,0.0004938602214679122,0.07460537552833557,0.0,0.07810502499341965,0.0005115914973430336,0.0005187687929719687,0.15018218755722046,0.466932475566864
19000,14,0.07300623506307602,0.00047953746980056167,0.07452051341533661,0.0,0.07764343917369843,0.0005336925387382507,0.0005369479767978191,0.14915457367897034,0.4678495228290558
19050,14,0.07120697945356369,0.00047943255049176514,0.07682476937770844,0.0,0.07773562520742416,0.0005824022809974849,0.0005897150840610266,0.14976102113723755,0.4712960124015808
19100,15,0.07374484091997147,0.0004919532220810652,0.07539847493171692,0.0,0.07770425081253052,0.000617691723164171,0.0006203603115864098,0.15095102787017822,0.4692271947860718
19150,15,0.07049509882926941,0.0004596562939696014,0.076029472053051,0.0,0.07748980075120926,0.00046727992594242096,0.00047131191240623593,0.1480002999305725,0.467229962348938
19200,15,0.0718742311000824,0.0003972510457970202,0.07076692581176758,0.0,0.07734149694442749,0.0005310475826263428,0.0005367201520130038,0.14418351650238037,0.4718340039253235
19250,15,0.07373189926147461,0.0003577382885850966,0.07238008081912994,0.0,0.07751184701919556,0.0005181937594898045,0.0005259204190224409,0.14759133756160736,0.4709480404853821
19300,15,0.07383780926465988,0.0004730576474685222,0.07461906224489212,0.0,0.0771617740392685,0.0006513310945592821,0.0006643760134465992,0.1503227949142456,0.47027814388275146
19350,15,0.07399974018335342,0.0005008023581467569,0.07342018187046051,0.0,0.07708674669265747,0.0006102534243836999,0.0006143999053165317,0.1492224633693695,0.4716302156448364
19400,15,0.07096832990646362,0.0005783626111224294,0.07233860343694687,0.0,0.07704325020313263,0.0005271175177767873,0.000528843083884567,0.1450182944536209,0.46639350056648254
19450,15,0.07065542787313461,0.000397245807107538,0.07047862559556961,0.0,0.07685673236846924,0.0005369748687371612,0.0005406783893704414,0.14268580079078674,0.4706646800041199
19500,15,0.0732758566737175,0.0004235261876601726,0.07520978152751923,0.0,0.07668237388134003,0.0006021176232025027,0.0006055610137991607,0.15019352734088898,0.4700013995170593
19550,15,0.07223732769489288,0.0004024294321425259,0.07345461845397949,0.0,0.07676514983177185,0.0004985559498891234,0.0005052779451943934,0.14717498421669006,0.46981483697891235
19600,15,0.06994359940290451,0.0004392468254081905,0.07267171144485474,0.0,0.076679527759552,0.0005469120806083083,0.0005561916623264551,0.14423434436321259,0.47185277938842773
19650,15,0.07428593933582306,0.0004337259742897004,0.07610824704170227,0.0,0.07623672485351562,0.0005838570650666952,0.0005951201310381293,0.1520831286907196,0.4729040861129761
19700,15,0.07197482138872147,0.0005280497134663165,0.07666759192943573,0.0,0.07614584267139435,0.0005750691634602845,0.0005781477084383368,0.1503998190164566,0.4754078984260559
19750,15,0.07324229180812836,0.0003825376625172794,0.07472968846559525,0.0,0.07604102790355682,0.0004787587677128613,0.00048348461859859526,0.14939279854297638,0.47005218267440796
19800,15,0.07265427708625793,0.00047063379315659404,0.07180969417095184,0.0,0.07594681531190872,0.0005402814131230116,0.0005425952258519828,0.1460934281349182,0.47226476669311523
19850,15,0.07277406007051468,0.0004143953265156597,0.07464318722486496,0.0,0.0757468044757843,0.0005306001985445619,0.0005366260884329677,0.14897461235523224,0.4682254195213318
19900,15,0.07068375498056412,0.00039800081867724657,0.07246594876050949,0.0,0.07571721076965332,0.0005572697846218944,0.0005603756289929152,0.14474107325077057,0.47068774700164795
19950,15,0.07137036323547363,0.0004011189448647201,0.07222943007946014,0.0,0.07551413774490356,0.0004415497533045709,0.0004461636708583683,0.14496414363384247,0.46387234330177307
20000,15,0.07103466242551804,0.0005695648724213243,0.07283319532871246,0.0,0.07539547979831696,0.000558969215489924,0.0005668143276125193,0.1456386148929596,0.4702324867248535
20050,15,0.07402802258729935,0.000390730332583189,0.0747663676738739,0.0,0.07517032325267792,0.0005796445766463876,0.0005849422886967659,0.15042488276958466,0.4749261438846588
20100,15,0.07130996882915497,0.00048434038762934506,0.07369427382946014,0.0,0.07523833960294724,0.0005212156684137881,0.0005292862770147622,0.14661432802677155,0.468686044216156
20150,15,0.0712859183549881,0.00040694503695704043,0.07157375663518906,0.0,0.07497432827949524,0.0005162040470167994,0.0005211788229644299,0.14437897503376007,0.4688543677330017
20200,15,0.07124670594930649,0.00042237783782184124,0.07332970947027206,0.0,0.07474970817565918,0.0004698794218711555,0.00047552824253216386,0.14601893723011017,0.4667576253414154
20250,15,0.07354782521724701,0.0004976892960257828,0.07613427191972733,0.0,0.07471905648708344,0.0005576062249019742,0.0005664004711434245,0.15137851238250732,0.47280851006507874
20300,15,0.07078269869089127,0.00045411568135023117,0.07348239421844482,0.0,0.07455714046955109,0.00043801433639600873,0.00043950771214440465,0.1456712931394577,0.4679831862449646
20350,15,0.07221972942352295,0.00048712576972320676,0.0734366700053215,0.0,0.07488905638456345,0.0005690541584044695,0.0005729662952944636,0.1473604440689087,0.47817331552505493
20400,15,0.07586285471916199,0.0004600501852110028,0.07425838708877563,0.0,0.07432384788990021,0.0005834199255332351,0.0005856871721334755,0.1518247276544571,0.4749879240989685
20450,15,0.07362908869981766,0.0004595128120854497,0.07285180687904358,0.0,0.07409271597862244,0.00047202949644997716,0.0004777003778144717,0.1479642242193222,0.471996009349823
20500,16,0.07033699750900269,0.00043799111153930426,0.07355566322803497,0.0,0.07388042658567429,0.0006046261987648904,0.0006127059459686279,0.1456218659877777,0.4702187180519104
20550,16,0.07232151180505753,0.0004087848064955324,0.07170208543539047,0.0,0.07407627999782562,0.000524499686434865,0.0005345370154827833,0.14556549489498138,0.47215181589126587
20600,16,0.07160305231809616,0.00043625955004245043,0.07190556824207306,0.0,0.07369675487279892,0.0004663541039917618,0.0004710228822659701,0.14495596289634705,0.46680647134780884
20650,16,0.07252208143472672,0.0004042653017677367,0.07171963900327682,0.0,0.07353563606739044,0.0005345449317246675,0.0005397132481448352,0.14579378068447113,0.469163715839386
20700,16,0.07043834030628204,0.0004720475699286908,0.07299048453569412,0.0,0.07346294820308685,0.0004729148931801319,0.0004756934358738363,0.14492294192314148,0.47348201274871826
20750,16,0.07116478681564331,0.00034951919224113226,0.07371040433645248,0.0,0.07373438775539398,0.0005737190367653966,0.000581377767957747,0.14645354449748993,0.47463852167129517
20800,16,0.0711752399802208,0.0004604698915500194,0.07343316823244095,0.0,0.07369276136159897,0.0005756801692768931,0.000585124536883086,0.14630337059497833,0.4715578258037567
20850,16,0.06976282596588135,0.00044950912706553936,0.07306992262601852,0.0,0.07370920479297638,0.00046097399899736047,0.0004645999288186431,0.1442815512418747,0.46568235754966736
20900,16,0.0717194527387619,0.00042752790614031255,0.07197364419698715,0.0,0.07350850105285645,0.00044922978850081563,0.00045676453737542033,0.14510013163089752,0.47353219985961914
20950,16,0.07244494557380676,0.00042779080104082823,0.07331748306751251,0.0,0.07343830168247223,0.0006164670921862125,0.000622571911662817,0.14750269055366516,0.4686851501464844
21000,16,0.0717659741640091,0.0004110556619707495,0.07360929250717163,0.0,0.0731240063905716,0.0004578511288855225,0.0004651604685932398,0.14678244292736053,0.47119709849357605
21050,16,0.07131421566009521,0.0004016846651211381,0.07257340103387833,0.0,0.07320161163806915,0.0005073382053524256,0.0005143284215591848,0.14538416266441345,0.4672558307647705
21100,16,0.07383982837200165,0.0003933698171749711,0.0733509361743927,0.0,0.07309427857398987,0.0005790299037471414,0.0005791434086859226,0.14881540834903717,0.4709947109222412
21150,16,0.06974264979362488,0.0003676255000755191,0.07169987261295319,0.0,0.07301847636699677,0.0004559737571980804,0.00045955489622429013,0.14279869198799133,0.46508723497390747
21200,16,0.07187800854444504,0.00041582813719287515,0.07392534613609314,0.0,0.07282842695713043,0.0005238245357759297,0.0005286489031277597,0.14734448492527008,0.46840882301330566
21250,16,0.07200279086828232,0.0003380501875653863,0.07149144262075424,0.0,0.07274655997753143,0.00043811299838125706,0.0004434275906533003,0.14478656649589539,0.46862298250198364
21300,16,0.07277223467826843,0.0004486112738959491,0.07728167623281479,0.0,0.0722893476486206,0.00048419146332889795,0.0004907716065645218,0.1515497863292694,0.473799467086792
21350,16,0.07045838981866837,0.000468207523226738,0.07256202399730682,0.0,0.07205131649971008,0.0005318412440828979,0.0005381673690862954,0.14463067054748535,0.4736132025718689
21400,16,0.0691099539399147,0.00040797473047859967,0.0710252895951271,0.0,0.07220467925071716,0.0004897010512650013,0.0004916467587463558,0.14159677922725677,0.467020183801651
21450,16,0.0733507052063942,0.000407679210184142,0.07328876107931137,0.0,0.07236730307340622,0.0004971115267835557,0.0005011500907130539,0.1481177657842636,0.4724639356136322
21500,16,0.0698029026389122,0.0004155068309046328,0.07393431663513184,0.0,0.0722256675362587,0.00048241973854601383,0.0004889090196229517,0.14519628882408142,0.4747306704521179
21550,16,0.07283996790647507,0.0004420753684826195,0.07478801161050797,0.0,0.07222640514373779,0.0005386433331295848,0.0005469736643135548,0.14922790229320526,0.47094008326530457
21600,16,0.06960469484329224,0.0004447978863026947,0.07373397797346115,0.0,0.07195772230625153,0.0005133873200975358,0.0005166992195881903,0.14488552510738373,0.46904391050338745
21650,16,0.07116237282752991,0.00043402158189564943,0.0724555104970932,0.0,0.07195816934108734,0.0005541604477912188,0.0005551416543312371,0.1452331691980362,0.4715005159378052
21700,16,0.0714324563741684,0.00040558597538620234,0.07212167978286743,0.0,0.07151039689779282,0.0005791101139038801,0.0005809547728858888,0.14519131183624268,0.4717845916748047
21750,16,0.06842155009508133,0.0004082651576027274,0.07330119609832764,0.0,0.07166966795921326,0.0005045339930802584,0.0005094874650239944,0.14321669936180115,0.4760068655014038
21800,16,0.0713406428694725,0.0005489341565407813,0.07461924850940704,0.0,0.0715101808309555,0.0005156645784154534,0.0005186019698157907,0.14761459827423096,0.4714193046092987
21850,17,0.07059426605701447,0.0004520810325630009,0.07089201360940933,0.0,0.07138577103614807,0.0004989930312149227,0.0005053914501331747,0.14301413297653198,0.46941280364990234
21900,17,0.06916037201881409,0.0004940307699143887,0.07199603319168091,0.0,0.07128943502902985,0.00046173366717994213,0.00046848790952935815,0.14265194535255432,0.46903467178344727
21950,17,0.07042817771434784,0.0003554665599949658,0.07386426627635956,0.0,0.07102741301059723,0.0005468499730341136,0.0005526248132809997,0.14581841230392456,0.47076764702796936
22000,17,0.06928884238004684,0.0004313276440370828,0.0707855224609375,0.0,0.07130590081214905,0.000403332756832242,0.000409052474424243,0.1413893848657608,0.4729737937450409
22050,17,0.0714232549071312,0.00040417604031972587,0.07104556262493134,0.0,0.0711057186126709,0.0005199554725550115,0.000524909351952374,0.1439889669418335,0.46986642479896545
22100,17,0.07393445819616318,0.000421572127379477,0.07011480629444122,0.0,0.07097172737121582,0.0005340775242075324,0.0005437380168586969,0.14561963081359863,0.47443127632141113
22150,17,0.06998767703771591,0.00047149870079010725,0.07053535431623459,0.0,0.0708046704530716,0.0005583906313404441,0.0005672811530530453,0.14219100773334503,0.47284138202667236
22200,17,0.06943027675151825,0.0004150217864662409,0.07048163563013077,0.0,0.0706528052687645,0.0004994540940970182,0.0005084202857688069,0.14140544831752777,0.46810662746429443
22250,17,0.06956593692302704,0.0004010479315184057,0.07252588868141174,0.0,0.07077386975288391,0.00045948292245157063,0.0004690644855145365,0.1434922069311142,0.4650454521179199
22300,17,0.07094068080186844,0.0003978150780312717,0.07140571624040604,0.0,0.07066288590431213,0.0006609995034523308,0.0006651873118244112,0.1441410630941391,0.46850329637527466
22350,17,0.070810966193676,0.00041458330815657973,0.0703231692314148,0.0,0.07037374377250671,0.0005465797148644924,0.0005515220109373331,0.14271719753742218,0.4742676019668579
22400,17,0.06923235952854156,0.0004149755113758147,0.07126885652542114,0.0,0.07018700987100601,0.0005031025502830744,0.0005096312379464507,0.14199911057949066,0.4717106223106384
22450,17,0.07203072309494019,0.00043938509770669043,0.07599283009767532,0.0,0.06996695697307587,0.0005139135173521936,0.000520348665304482,0.1495671570301056,0.47114625573158264
22500,17,0.07086274027824402,0.00047095550689846277,0.07289144396781921,0.0,0.06999535858631134,0.0005905893631279469,0.000600087980274111,0.14548581838607788,0.472556471824646
22550,17,0.07183485478162766,0.0004820000904146582,0.07101613283157349,0.0,0.06983941048383713,0.0004548055003397167,0.00046081424807198346,0.14431844651699066,0.4724716246128082
22600,17,0.06895461678504944,0.0003780161787290126,0.07082906365394592,0.0,0.06952934712171555,0.00045257798046804965,0.00046030039084143937,0.14114409685134888,0.4654310643672943
22650,17,0.07066849619150162,0.00045081652933731675,0.06844845414161682,0.0,0.06969954073429108,0.00044029427226632833,0.00044861517380923033,0.14052636921405792,0.4615739583969116
22700,17,0.06722849607467651,0.0004600825486704707,0.06926479935646057,0.0,0.06955771893262863,0.00046155706513673067,0.0004711338842753321,0.13795563578605652,0.4662725031375885
22750,17,0.07088480144739151,0.00042445200961083174,0.07050583511590958,0.0,0.06951764225959778,0.0004566023126244545,0.0004598373197950423,0.14280104637145996,0.46544039249420166
22800,17,0.06886960566043854,0.00038805807707831264,0.07305323332548141,0.0,0.06936206668615341,0.0005152564262971282,0.0005229800590313971,0.14341849088668823,0.47147268056869507
22850,17,0.0697912871837616,0.00048572232481092215,0.07456746697425842,0.0,0.0693991631269455,0.000600297236815095,0.0006036799750290811,0.14611785113811493,0.4748077392578125
22900,17,0.07004184275865555,0.0004261382855474949,0.0714055746793747,0.0,0.06936664879322052,0.00049397541442886,0.0004985500127077103,0.14293543994426727,0.4695945084095001
22950,17,0.06938048452138901,0.0004322973545640707,0.07051855325698853,0.0,0.06918036192655563,0.00042229227256029844,0.0004264909657649696,0.14124929904937744,0.4679616093635559
23000,17,0.06925590336322784,0.00045540599967353046,0.07059402763843536,0.0,0.06932026147842407,0.00048562249867245555,0.00048817694187164307,0.1413484662771225,0.4718879461288452
23050,17,0.06771519780158997,0.0004304008325561881,0.07048586755990982,0.0,0.06879448890686035,0.0004378267622087151,0.0004465057863853872,0.13958460092544556,0.47276389598846436
23100,17,0.07006824761629105,0.0003883214667439461,0.07209570705890656,0.0,0.06860565394163132,0.0005139281274750829,0.0005222705658525229,0.14365708827972412,0.4682576060295105
23150,17,0.0694197565317154,0.0004883496440015733,0.07105322927236557,0.0,0.06872357428073883,0.0005425768904387951,0.0005496284575201571,0.1421222686767578,0.46906614303588867
23200,18,0.0673280879855156,0.00041600706754252315,0.07212124764919281,0.0,0.06864975392818451,0.0006313101039268076,0.0006381382700055838,0.14120343327522278,0.46884608268737793
23250,18,0.0688176155090332,0.00041026162216439843,0.07017318904399872,0.0,0.06820225715637207,0.00046050793025642633,0.000465702818473801,0.14039547741413116,0.46651339530944824
23300,18,0.06921843439340591,0.0004720785073004663,0.07013015449047089,0.0,0.06852558255195618,0.0004818530287593603,0.0004895584424957633,0.14086060225963593,0.473030149936676
23350,18,0.06922172009944916,0.0004821545153390616,0.07180231809616089,0.0,0.06856966018676758,0.0006011527730152011,0.0006046405760571361,0.14278055727481842,0.46758872270584106
23400,18,0.07287993282079697,0.00044565938878804445,0.07373902201652527,0.0,0.06856005638837814,0.0005556127289310098,0.0005601222510449588,0.14824891090393066,0.46950995922088623
23450,18,0.0701853334903717,0.00042696052696555853,0.06992161273956299,0.0,0.06820857524871826,0.0005396257038228214,0.0005468652816489339,0.14168860018253326,0.4692191183567047
23500,18,0.06904388219118118,0.00036713393637910485,0.07125966250896454,0.0,0.0681811273097992,0.0004819218011107296,0.0004834532446693629,0.1417042464017868,0.47161751985549927
23550,18,0.06816443800926208,0.000395650218706578,0.07121821492910385,0.0,0.06781084090471268,0.00043892496614716947,0.00044751347741112113,0.1407325565814972,0.4686499834060669
23600,18,0.07013831287622452,0.000430536107160151,0.07101668417453766,0.0,0.06796467304229736,0.0004773648688569665,0.000482770410599187,0.14261363446712494,0.46894556283950806
23650,18,0.0705072209239006,0.00045774239697493613,0.07148013263940811,0.0,0.06804957240819931,0.0005003813421353698,0.0005040208343416452,0.14351753890514374,0.47085845470428467
23700,18,0.0684284195303917,0.0003625131503213197,0.07042843103408813,0.0,0.06823397427797318,0.0005801629740744829,0.0005824739346280694,0.14045023918151855,0.46752238273620605
23750,18,0.06861221790313721,0.00048687512753531337,0.0712033063173294,0.0,0.06772201508283615,0.0005078890244476497,0.000515286170411855,0.1413932889699936,0.4698755145072937
23800,18,0.07052473723888397,0.0003789745969697833,0.07362853735685349,0.0,0.06778574734926224,0.0005656406283378601,0.0005699795437976718,0.14573565125465393,0.47188663482666016
23850,18,0.07130363583564758,0.00040237759822048247,0.07300509512424469,0.0,0.06801668554544449,0.0005283507052809,0.0005330630810931325,0.14584054052829742,0.47224390506744385
23900,18,0.07011464983224869,0.00044146907748654485,0.07236924022436142,0.0,0.06800682842731476,0.00048331511789001524,0.0004923396045342088,0.14396901428699493,0.47720402479171753
23950,18,0.07098925113677979,0.00040222133975476027,0.0724562555551529,0.0,0.06788010895252228,0.0005436099600046873,0.000551101635210216,0.1450103223323822,0.4710341691970825
24000,18,0.07248067855834961,0.000466463970951736,0.07098501920700073,0.0,0.06774695962667465,0.0005506478482857347,0.0005542190046980977,0.1451047658920288,0.472734272480011
24050,18,0.07065381854772568,0.00044020373024977744,0.07229626178741455,0.0,0.06765283644199371,0.0005194956320337951,0.0005311497952789068,0.14450858533382416,0.47600317001342773
24100,18,0.06717388331890106,0.0003579934127628803,0.07083550095558167,0.0,0.06741970777511597,0.0004414684954099357,0.00044912874000146985,0.13932539522647858,0.46539217233657837
24150,18,0.06473392248153687,0.0004448321124073118,0.07035093754529953,0.0,0.06754368543624878,0.00048211883404292166,0.000490078644361347,0.13656944036483765,0.4709608554840088
24200,18,0.06748165935277939,0.0004226819146424532,0.0691361129283905,0.0,0.06722655892372131,0.00040208728751167655,0.0004047514812555164,0.1379145085811615,0.46850356459617615
24250,18,0.07099679857492447,0.0004247694741934538,0.07292097806930542,0.0,0.06691136956214905,0.0005014525959268212,0.0005106767639517784,0.1454215794801712,0.47146517038345337
24300,18,0.06936551630496979,0.0003515337302815169,0.07243616133928299,0.0,0.0670955628156662,0.000629401474725455,0.0006333081400953233,0.1434830129146576,0.4718310832977295
24350,18,0.0682026743888855,0.0003948211087845266,0.0714450404047966,0.0,0.06725535541772842,0.0004330130759626627,0.0004395593423396349,0.14098235964775085,0.46971550583839417
24400,18,0.06817036122083664,0.0004292108060326427,0.07080293446779251,0.0,0.06712493300437927,0.0004818820452783257,0.00048720231279730797,0.1404387205839157,0.47412657737731934
24450,18,0.0691676065325737,0.0004842483322136104,0.070270836353302,0.0,0.06722138822078705,0.00045579602010548115,0.00046077946899458766,0.14090648293495178,0.4698178768157959
24500,18,0.0684426873922348,0.0004426369850989431,0.07002723217010498,0.0,0.0667416900396347,0.0005048853345215321,0.0005107463803142309,0.13999493420124054,0.4690430760383606
24550,18,0.06952963769435883,0.00045220015454106033,0.07174219191074371,0.0,0.06675630807876587,0.00047735002590343356,0.0004832554259337485,0.14275138080120087,0.47228676080703735
24600,19,0.06955260038375854,0.00034253066405653954,0.06898701936006546,0.0,0.0668933242559433,0.00046910590026527643,0.00047173272469080985,0.1398898959159851,0.4692208170890808
24650,19,0.06881453096866608,0.00040831678779795766,0.06923377513885498,0.0,0.06670079380273819,0.0004764320619869977,0.0004809286037925631,0.13948066532611847,0.47084376215934753
24700,19,0.06911397725343704,0.0004108641005586833,0.0706358253955841,0.0,0.0666508600115776,0.000510053476318717,0.0005166915361769497,0.14125406742095947,0.4716002643108368
24750,19,0.06696444004774094,0.0003689265577122569,0.07218581438064575,0.0,0.06661406904459,0.00047928589629009366,0.00048793613677844405,0.14055301249027252,0.4709847867488861
24800,19,0.06908292323350906,0.00033905371674336493,0.06871777772903442,0.0,0.0664101392030716,0.0004917632322758436,0.0004960653022862971,0.13919399678707123,0.46935126185417175
24850,19,0.06684853881597519,0.00044522571261040866,0.07015195488929749,0.0,0.06637454032897949,0.0005680283647961915,0.0005694571882486343,0.1386495679616928,0.4681665897369385
24900,19,0.06979555636644363,0.00042592978570610285,0.06849044561386108,0.0,0.06635290384292603,0.0004715373506769538,0.00047599448589608073,0.13972581923007965,0.467472642660141
24950,19,0.06885852664709091,0.00047881845966912806,0.0711568295955658,0.0,0.06621924787759781,0.00042520283022895455,0.0004322345776017755,0.14141783118247986,0.4696442484855652
25000,19,0.07123993337154388,0.0005768323317170143,0.07110060751438141,0.0,0.06648644804954529,0.0005331459688022733,0.0005401055095717311,0.14405710995197296,0.4683300852775574
25050,19,0.06580566614866257,0.0004657844838220626,0.0687616690993309,0.0,0.0663084015250206,0.0004966515116393566,0.000501098285894841,0.13609719276428223,0.4699751138687134
25100,19,0.06741847842931747,0.00037500052712857723,0.0676235556602478,0.0,0.06618140637874603,0.0004628576571121812,0.00046856963308528066,0.13641464710235596,0.47174060344696045
25150,19,0.06894469261169434,0.00043054966954514384,0.0693265050649643,0.0,0.06604653596878052,0.000443824304966256,0.00044952277676202357,0.13966113328933716,0.46794798970222473
25200,19,0.06847628206014633,0.0003953165141865611,0.06805744767189026,0.0,0.06584237515926361,0.00045262998901307583,0.00045714699081145227,0.13790465891361237,0.46648839116096497
25250,19,0.07023537158966064,0.0005380331422202289,0.06885530799627304,0.0,0.06591133773326874,0.00045609744847752154,0.0004595802747644484,0.14061029255390167,0.46874675154685974
25300,19,0.06961666792631149,0.0003609383129514754,0.07007360458374023,0.0,0.06573405861854553,0.0003953763807658106,0.0004030308045912534,0.14091534912586212,0.465861439704895
25350,19,0.06949102878570557,0.00042611107346601784,0.0708673894405365,0.0,0.0654316321015358,0.0004835680592805147,0.0004900238127447665,0.14182355999946594,0.4689362943172455
25400,19,0.06645285338163376,0.0004225251032039523,0.07003260403871536,0.0,0.06553913652896881,0.0005292074056342244,0.0005338919581845403,0.1380366086959839,0.4690479338169098
25450,19,0.06722963601350784,0.0004626464797183871,0.06836787611246109,0.0,0.06541875004768372,0.0004267092444933951,0.0004338783328421414,0.1369861513376236,0.4699309468269348
25500,19,0.0712764635682106,0.0003814069787040353,0.07120639830827713,0.0,0.06531721353530884,0.0004969526780769229,0.0005049686296842992,0.14393150806427002,0.4736211895942688
25550,19,0.06909522414207458,0.00042635120917111635,0.07052280008792877,0.0,0.06528782844543457,0.0004139187512919307,0.0004185590078122914,0.14094214141368866,0.4689747095108032
25600,19,0.06616626679897308,0.0004808664962183684,0.06841583549976349,0.0,0.06483174115419388,0.0005137670668773353,0.0005200671730563045,0.13616162538528442,0.47073060274124146
25650,19,0.06806621700525284,0.00045831763418391347,0.06820932030677795,0.0,0.06460683792829514,0.00038137705996632576,0.00038607598980888724,0.13756592571735382,0.46761536598205566
25700,19,0.07081460952758789,0.00034580507781356573,0.0699550211429596,0.0,0.06493497639894485,0.0005261368351057172,0.0005296190502122045,0.14223612844944,0.4719729423522949
25750,19,0.06725598871707916,0.0004138306831009686,0.07115236669778824,0.0,0.06450921297073364,0.00048327926197089255,0.0004915896570309997,0.1398615539073944,0.47226935625076294
25800,19,0.06968734413385391,0.0004518234636634588,0.07121734321117401,0.0,0.06439360976219177,0.0005105637246742845,0.0005158510757610202,0.1424473226070404,0.4761585593223572
25850,19,0.06674254685640335,0.0003400451969355345,0.0701972171664238,0.0,0.06453101336956024,0.000531537807546556,0.0005358351045288146,0.1384117156267166,0.4728301167488098
25900,19,0.06871818751096725,0.0003649407299235463,0.06957567483186722,0.0,0.06442870199680328,0.0004741014854516834,0.0004790897946804762,0.13967643678188324,0.4724937677383423
25950,20,0.06965216994285583,0.0004248775658197701,0.06796174496412277,0.0,0.0644809678196907,0.0005295602604746819,0.000539141648914665,0.13917195796966553,0.4737682342529297
26000,20,0.0689762681722641,0.00037333439104259014,0.06724834442138672,0.0,0.06444814056158066,0.0005388966528698802,0.000540040316991508,0.1377413272857666,0.4665207266807556
26050,20,0.06903768330812454,0.0004488722188398242,0.06713112443685532,0.0,0.06428007781505585,0.0004877473402302712,0.0004958385834470391,0.1376655548810959,0.4737294912338257
26100,20,0.06519479304552078,0.00040243525290861726,0.07071436196565628,0.0,0.06422412395477295,0.00045411798055283725,0.0004595019854605198,0.13728943467140198,0.4703536033630371
26150,20,0.0663057491183281,0.0004144414560869336,0.06686609238386154,0.0,0.06393850594758987,0.00042791536543518305,0.0004385134670883417,0.1345166563987732,0.47069382667541504
26200,20,0.06869706511497498,0.00042488245526328683,0.06865231692790985,0.0,0.06399773806333542,0.000496113090775907,0.0005025029531680048,0.13883687555789948,0.4785847067832947
26250,20,0.06867224723100662,0.00041799721657298505,0.06907088309526443,0.0,0.06407933682203293,0.0004696244141086936,0.00047073993482626975,0.13916556537151337,0.46659278869628906
26300,20,0.06674890220165253,0.00043561443453654647,0.0692085325717926,0.0,0.06406371295452118,0.0004941598745062947,0.0004986418643966317,0.13744990527629852,0.4687325656414032
26350,20,0.0664634108543396,0.0004454079899005592,0.06874976307153702,0.0,0.06427107751369476,0.0005045362049713731,0.0005079773836769164,0.13673537969589233,0.4679222106933594
26400,20,0.06677893549203873,0.0004076672485098243,0.06847257912158966,0.0,0.06439226120710373,0.00046110356925055385,0.00046716726501472294,0.13665184378623962,0.47299039363861084
26450,20,0.06697899848222733,0.0003689395962283015,0.0684145987033844,0.0,0.06412194669246674,0.00043223134707659483,0.00044161456753499806,0.13670051097869873,0.46818363666534424
26500,20,0.06880895793437958,0.0004366498324088752,0.07171555608510971,0.0,0.06393663585186005,0.00044363696360960603,0.00044718338176608086,0.1419159322977066,0.46699267625808716
26550,20,0.0684390738606453,0.0004464981611818075,0.06858611851930618,0.0,0.06381303817033768,0.0005001879762858152,0.000504832249134779,0.13854052126407623,0.47233128547668457
26600,20,0.06852518767118454,0.00043751535122282803,0.07004479318857193,0.0,0.0639304369688034,0.0004598028608597815,0.00046715617645531893,0.13999837636947632,0.46990665793418884
26650,20,0.06783778965473175,0.0004715186369139701,0.07024085521697998,0.0,0.06398728489875793,0.0004902883665636182,0.0004920159699395299,0.13959644734859467,0.47236543893814087
26700,20,0.06912946701049805,0.00043528396054171026,0.07168474048376083,0.0,0.06386806815862656,0.0004787157813552767,0.00048323284136131406,0.14227530360221863,0.46781960129737854
26750,20,0.06882619857788086,0.0004261931171640754,0.07187771052122116,0.0,0.06376904249191284,0.0005118157132528722,0.0005157695268280804,0.14222145080566406,0.4733593463897705
26800,20,0.06852097809314728,0.00043377402471378446,0.06742651015520096,0.0,0.06380512565374374,0.00039183624903671443,0.0003969449899159372,0.13723385334014893,0.466939240694046
26850,20,0.07052456587553024,0.0003730606404133141,0.06887035816907883,0.0,0.06368991732597351,0.0005454216152429581,0.0005498848622664809,0.14092697203159332,0.4717949628829956
26900,20,0.06601710617542267,0.0005377543857321143,0.07117567211389542,0.0,0.06349490582942963,0.00048747696564532816,0.000494375650305301,0.13877588510513306,0.47139543294906616
26950,20,0.06804735958576202,0.0004338171856943518,0.06855538487434387,0.0,0.06321888417005539,0.0005045285215601325,0.0005116031388752162,0.13811591267585754,0.4741089344024658
27000,20,0.07088136672973633,0.00040387094486504793,0.07194194942712784,0.0,0.06314466893672943,0.00042859604582190514,0.00042877302621491253,0.14414770901203156,0.46902233362197876
27050,20,0.06401114910840988,0.0003861907171085477,0.07001356035470963,0.0,0.06327103078365326,0.00037905710632912815,0.00038736697752028704,0.1352405995130539,0.46768856048583984
27100,20,0.06811165809631348,0.0004820824251510203,0.07046739012002945,0.0,0.06330044567584991,0.0004362675826996565,0.0004410542896948755,0.14000174403190613,0.46883830428123474
27150,20,0.06820941716432571,0.0004459034535102546,0.0722293108701706,0.0,0.06329776346683502,0.0005412058671936393,0.0005467149312607944,0.1420358568429947,0.4688728451728821
27200,20,0.06741446256637573,0.0004371372633613646,0.06953642517328262,0.0,0.06336985528469086,0.00047835364239290357,0.00048631217214278877,0.13841606676578522,0.4733825623989105
27250,20,0.06715880334377289,0.0003873247769661248,0.07126098871231079,0.0,0.06362446397542953,0.0004198095411993563,0.00042579055298119783,0.13971634209156036,0.469218909740448
