step,epoch,pred,pred_block,pred_free,sigreg,anchor,anchor_pred,total,latent_std
50,1,0.0445479117333889,0.0028959549963474274,0.04165195673704147,4.345188140869141,0.3282926380634308,0.32762840390205383,0.7221949100494385,0.9831796884536743
100,1,0.05237429961562157,0.0011130592320114374,0.051261238753795624,4.12031364440918,0.5961920022964478,0.5968259572982788,1.2659938335418701,0.9634303450584412
150,1,0.056177884340286255,0.005245441570878029,0.050932444632053375,5.235789775848389,0.31129246950149536,0.3115675449371338,0.7052168250083923,0.9784612655639648
200,1,0.05989463999867439,0.005392733961343765,0.05450190603733063,4.1098809242248535,0.2868204116821289,0.2859507203102112,0.6532151699066162,0.993847131729126
250,1,0.08233347535133362,0.01382904127240181,0.06850443035364151,4.267582893371582,0.17218387126922607,0.17101168632507324,0.4468669295310974,0.9932469129562378
300,1,0.10046122223138809,0.02199150063097477,0.07846972346305847,3.1805882453918457,0.05668771266937256,0.056260474026203156,0.22931236028671265,0.9845431447029114
350,1,0.09714111685752869,0.016189994290471077,0.08095112442970276,3.0232672691345215,0.04092384874820709,0.04085131734609604,0.19403260946273804,0.9914582967758179
400,1,0.08720734715461731,0.010685171000659466,0.07652217894792557,2.481083393096924,0.012577147223055363,0.012592539191246033,0.12478245049715042,0.9930285215377808
450,1,0.07430273294448853,0.007033373694866896,0.06726936250925064,2.6873884201049805,0.012939704582095146,0.01303810440003872,0.11371748149394989,0.9871305227279663
500,1,0.07760289311408997,0.009616736322641373,0.06798616051673889,2.4204776287078857,0.008208874613046646,0.00827105063945055,0.10618520528078079,0.9880107641220093
550,1,0.07511667907238007,0.00785610917955637,0.06726057082414627,2.539116859436035,0.008735285140573978,0.008866315707564354,0.10541386157274246,0.9887014627456665
600,1,0.08415254950523376,0.006923818029463291,0.07722873240709305,2.431915044784546,0.007776787504553795,0.007844630628824234,0.11193353682756424,0.9892531633377075
650,1,0.08206817507743835,0.005253801122307777,0.07681437581777573,2.70163631439209,0.011902827769517899,0.011906327679753304,0.11938551068305969,0.9864857196807861
700,1,0.09796066582202911,0.006773793138563633,0.09118687361478806,3.393507957458496,0.017587119713425636,0.01759672909975052,0.15011204779148102,0.9798498153686523
750,1,0.10595209896564484,0.00996686052531004,0.09598524123430252,3.593458652496338,0.01216775830835104,0.012249119579792023,0.148336261510849,0.9789433479309082
800,1,0.0890432819724083,0.006473205052316189,0.08257007598876953,3.5781378746032715,0.012018291279673576,0.011899968609213829,0.13085223734378815,0.9815688133239746
850,1,0.09056370705366135,0.00777592184022069,0.08278778195381165,3.0250167846679688,0.014362094923853874,0.014438429847359657,0.13448931276798248,0.9809061288833618
900,1,0.09422753006219864,0.005224278196692467,0.08900325000286102,3.509565830230713,0.013309246860444546,0.013418939895927906,0.1385035514831543,0.9764735698699951
950,1,0.124924436211586,0.006113152951002121,0.11881127953529358,3.4621996879577637,0.011737637221813202,0.011800102889537811,0.1657731682062149,0.9887316226959229
1000,1,0.08463463187217712,0.007634459063410759,0.07700017094612122,4.359848499298096,0.01659942790865898,0.016423942521214485,0.13945725560188293,0.9895598888397217
1050,1,0.1862979531288147,0.039447396993637085,0.1468505561351776,3.2181966304779053,0.15480013191699982,0.1550125926733017,0.5122016668319702,0.9899898171424866
1100,1,0.11232487112283707,0.0068552615121006966,0.10546960681676865,3.2678375244140625,0.015779167413711548,0.01566411554813385,0.1601073443889618,0.9891648292541504
1150,1,0.08844278752803802,0.011090490967035294,0.07735230028629303,3.692789077758789,0.012429986149072647,0.0124967684969306,0.1318334937095642,0.9791414737701416
1200,1,0.12077822536230087,0.00919973012059927,0.11157849431037903,3.6049928665161133,0.011850419454276562,0.011656973510980606,0.16231057047843933,0.9803785681724548
1250,1,0.09004651010036469,0.008581901900470257,0.08146461099386215,3.6134896278381348,0.01635969802737236,0.01645604707300663,0.1409296989440918,0.9784706830978394
1300,1,0.12788929045200348,0.025814879685640335,0.10207441449165344,4.137966156005859,0.11543743312358856,0.11617521196603775,0.38019177317619324,0.97909015417099
1350,1,0.08641870319843292,0.009187176823616028,0.0772315263748169,4.220430374145508,0.01565360091626644,0.015632957220077515,0.13880741596221924,0.9827110171318054
1400,2,0.16303424537181854,0.012003818526864052,0.15103042125701904,3.7622570991516113,0.023516777902841568,0.023557022213935852,0.22891932725906372,0.9762323498725891
1450,2,0.07182568311691284,0.005340559408068657,0.06648512184619904,3.3183205127716064,0.008499739691615105,0.00855735968798399,0.10547438263893127,0.9793909788131714
1500,2,0.08176042884588242,0.005641429219394922,0.07611899822950363,4.088708877563477,0.008612293750047684,0.008787192404270172,0.11960345506668091,0.976261556148529
1550,2,0.1137806624174118,0.010392045602202415,0.10338861495256424,3.3895106315612793,0.3648127615451813,0.3631179928779602,0.858659029006958,0.9795247316360474
1600,2,0.0970163345336914,0.007505375891923904,0.0895109623670578,3.6338818073272705,0.011517487466335297,0.011495495215058327,0.13819873332977295,0.9819843173027039
1650,2,0.09316076338291168,0.006726457737386227,0.08643430471420288,4.101921081542969,0.009367009624838829,0.009367454797029495,0.13240483403205872,0.9888142347335815
1700,2,0.08760811388492584,0.0067261867225170135,0.08088192343711853,3.7794032096862793,0.00855913758277893,0.008592367172241211,0.12365663051605225,0.9714431762695312
1750,2,0.07750168442726135,0.007167094387114048,0.07033459097146988,3.9706311225891113,0.013654237613081932,0.013658278621733189,0.12466736137866974,0.9654523730278015
1800,2,0.09866134077310562,0.007659883238375187,0.09100145846605301,4.023770809173584,0.015179124660789967,0.015103716403245926,0.14906303584575653,0.969383180141449
1850,2,0.12099459767341614,0.0055374689400196075,0.11545713245868683,4.360082626342773,0.012936770915985107,0.012824524194002151,0.1685563027858734,0.9641112685203552
1900,2,0.077907033264637,0.010220556519925594,0.06768647581338882,4.415449142456055,0.010680213570594788,0.010673360899090767,0.12133785337209702,0.9688163995742798
1950,2,0.07720746099948883,0.006177542731165886,0.0710299164056778,3.5022597312927246,0.009455768391489983,0.009461482986807823,0.11363601684570312,0.9703240394592285
2000,2,0.10183597356081009,0.007636702619493008,0.0941992700099945,3.7440185546875,0.01697768270969391,0.016932018101215363,0.15446576476097107,0.9674246311187744
2050,2,0.11139579862356186,0.008279611356556416,0.10311618447303772,3.570357084274292,0.01574712246656418,0.01570693962275982,0.16070163249969482,0.9711228609085083
2100,2,0.07811441272497177,0.006706469692289829,0.07140794396400452,4.063185691833496,0.0075450800359249115,0.007638779003173113,0.11361420154571533,0.9708516597747803
2150,2,0.10986771434545517,0.0071275560185313225,0.10274016112089157,3.5843589305877686,0.005940249189734459,0.0060219066217541695,0.13975167274475098,0.9721167087554932
2200,2,0.10057055205106735,0.0059884581714868546,0.09458209574222565,3.4250121116638184,0.007081281393766403,0.007108710240572691,0.1318856030702591,0.9737875461578369
2250,2,0.10283591598272324,0.007247589528560638,0.0955883264541626,3.2842514514923096,0.01038544811308384,0.01035600621253252,0.1399986296892166,0.9797840118408203
2300,2,0.09660067409276962,0.0069823190569877625,0.08961835503578186,3.687201976776123,0.007210329174995422,0.007303539197891951,0.12955054640769958,0.9784261584281921
2350,2,0.1002233549952507,0.006198977120220661,0.09402437508106232,3.5586304664611816,0.011422654613852501,0.011351540684700012,0.14079070091247559,0.9739288091659546
2400,2,0.10763251781463623,0.01043175533413887,0.09720075875520706,3.9466538429260254,0.012932834215462208,0.012963375076651573,0.15326198935508728,0.9701694250106812
2450,2,0.11682943999767303,0.007844993844628334,0.10898444801568985,3.4406046867370605,0.008970082737505436,0.008988896384835243,0.15199144184589386,0.9680881500244141
2500,2,0.09983612596988678,0.01067578885704279,0.08916033804416656,4.105137348175049,0.014560376293957233,0.01456419751048088,0.14948639273643494,0.965570867061615
2550,2,0.09087830781936646,0.009083909913897514,0.08179439604282379,4.214274883270264,0.010127218440175056,0.01012471504509449,0.13220161199569702,0.9671251177787781
2600,2,0.07676791399717331,0.006276165135204792,0.0704917460680008,3.655787467956543,0.011302524246275425,0.011238375678658485,0.11758774518966675,0.9610590934753418
2650,2,0.0845194011926651,0.009407762438058853,0.07511163502931595,4.131915092468262,0.012718024663627148,0.01272798515856266,0.13062497973442078,0.9535609483718872
2700,2,0.10690536350011826,0.011491531506180763,0.09541383385658264,4.447999000549316,0.012394612655043602,0.012359945103526115,0.1538999080657959,0.9604638814926147
2750,3,0.13587433099746704,0.01778910681605339,0.11808522790670395,3.4544830322265625,0.2221716344356537,0.22106017172336578,0.5963785648345947,0.9618982076644897
2800,3,0.12418414652347565,0.007728359661996365,0.11645578593015671,3.7158679962158203,0.014298097230494022,0.014285032637417316,0.17134660482406616,0.9621117115020752
2850,3,0.07828929275274277,0.008994041010737419,0.0692952498793602,3.922391891479492,0.00948198139667511,0.00958583876490593,0.11696907877922058,0.9583425521850586
2900,3,0.10340770334005356,0.006196111440658569,0.09721159189939499,4.039804458618164,0.008968758396804333,0.008862435817718506,0.14143791794776917,0.9621832370758057
2950,3,0.07003885507583618,0.0058395741507411,0.0641992837190628,3.5763607025146484,0.009450461715459824,0.009356248192489147,0.10672736912965775,0.968801736831665
3000,3,0.11217094212770462,0.010056152939796448,0.10211478918790817,3.8211638927459717,0.007869664579629898,0.007855432108044624,0.14700184762477875,0.9641268253326416
3050,3,0.13541199266910553,0.007096152286976576,0.12831583619117737,3.29953670501709,0.020623646676540375,0.020662736147642136,0.19319605827331543,0.9687260389328003
3100,3,0.08337870985269547,0.007314928807318211,0.07606378197669983,3.4226551055908203,0.007753963582217693,0.007750704884529114,0.11599665135145187,0.9870381355285645
3150,3,0.1253848373889923,0.009040575474500656,0.11634426563978195,3.400054931640625,0.008080914616584778,0.008028345182538033,0.15849436819553375,0.9771530032157898
3200,3,0.11345081031322479,0.006898913532495499,0.10655190050601959,3.701866626739502,0.009091563522815704,0.009066159836947918,0.15011785924434662,0.9921360015869141
3250,3,0.10955089330673218,0.006600637454539537,0.10295025259256363,3.253455400466919,0.008915310725569725,0.008872940205037594,0.14360640943050385,1.0108642578125
3300,3,0.08795525878667831,0.006106274202466011,0.08184898644685745,3.0178308486938477,0.006642498075962067,0.006581339985132217,0.11626824736595154,1.0077366828918457
3350,3,0.10660184174776077,0.006653157994151115,0.09994868189096451,3.545548677444458,0.007801379542797804,0.0077951159328222275,0.13992607593536377,0.9819955229759216
3400,3,0.09561073780059814,0.004813711158931255,0.09079702943563461,2.9426608085632324,0.005864867940545082,0.005838204175233841,0.12202711403369904,1.0062211751937866
3450,3,0.07969941943883896,0.008023509755730629,0.07167591154575348,3.370410442352295,0.006338653154671192,0.006450720131397247,0.1093408465385437,0.9816498756408691
3500,3,0.07172488421201706,0.005148791242390871,0.06657609343528748,3.4521257877349854,0.0053340597078204155,0.00539948046207428,0.09971904754638672,0.9716004133224487
3550,3,0.09911888092756271,0.005765785928815603,0.09335309267044067,3.7780263423919678,0.006240994669497013,0.006170697510242462,0.1304207146167755,0.9733079075813293
3600,3,0.09431811422109604,0.005271869711577892,0.08904624730348587,3.3209290504455566,0.007153898011893034,0.007074736524373293,0.1251513957977295,1.0027837753295898
3650,3,0.0904793068766594,0.005315955262631178,0.08516335487365723,3.2353038787841797,0.005198740866035223,0.00517185777425766,0.1170264258980751,1.0095478296279907
3700,3,0.07656416296958923,0.0051960814744234085,0.07136808335781097,2.9300520420074463,0.004565213806927204,0.004515582695603371,0.10029522329568863,1.0116130113601685
3750,3,0.07213133573532104,0.004865565337240696,0.06726577132940292,2.9270706176757812,0.006186920218169689,0.006165022496134043,0.09911863505840302,1.0126121044158936
3800,3,0.0680602639913559,0.004551654681563377,0.06350860744714737,3.016324758529663,0.004725012928247452,0.00468852324411273,0.09255541861057281,1.012479305267334
3850,3,0.06956033408641815,0.0049804812297225,0.06457985192537308,3.033029079437256,0.006518709473311901,0.0064239841885864735,0.09766817092895508,1.0092957019805908
3900,3,0.06727021932601929,0.004902513697743416,0.06236770376563072,2.8908915519714355,0.006394481752067804,0.006330566015094519,0.0944497212767601,1.0124801397323608
3950,3,0.06951812654733658,0.0038819375913590193,0.06563618779182434,3.051145315170288,0.003384688403457403,0.0033736354671418667,0.09153217822313309,1.0108418464660645
4000,3,0.060056816786527634,0.003980482462793589,0.05607633292675018,2.8632407188415527,0.004199831746518612,0.004126460291445255,0.08269931375980377,1.0088016986846924
4050,3,0.05589575320482254,0.0038146316073834896,0.05208112299442291,2.750497341156006,0.0044087572023272514,0.004362942650914192,0.07841993868350983,1.007642388343811
4100,4,0.059740129858255386,0.0034957898315042257,0.05624433979392052,2.981955051422119,0.003766655921936035,0.0037215789780020714,0.08213814347982407,1.0051971673965454
4150,4,0.052284445613622665,0.002751109190285206,0.049533337354660034,2.857583522796631,0.004129108507186174,0.004135660827159882,0.07483713328838348,1.00337553024292
4200,4,0.05568990856409073,0.004020879045128822,0.05166902765631676,2.68621826171875,0.0036955091636627913,0.003660916816443205,0.07647743076086044,1.0044035911560059
4250,4,0.051928356289863586,0.003978224936872721,0.047950129956007004,2.756136178970337,0.003735839854925871,0.0036983098834753036,0.07314319163560867,1.0033445358276367
4300,4,0.04807933047413826,0.0034757223911583424,0.044603608548641205,2.9095206260681152,0.003257673466578126,0.003239511279389262,0.06912411749362946,1.001114010810852
4350,4,0.055731333792209625,0.00404313812032342,0.051688194274902344,2.6711182594299316,0.0031258505769073963,0.003139173611998558,0.07535194605588913,1.0014379024505615
4400,4,0.0466434545814991,0.002981458092108369,0.043661996722221375,2.8169403076171875,0.0033209400717169046,0.003281420562416315,0.06733051687479019,1.0007073879241943
4450,4,0.048316750675439835,0.00285161891952157,0.0454651303589344,2.7571988105773926,0.002911774441599846,0.002910249400883913,0.06792476773262024,1.0012142658233643
4500,4,0.045159175992012024,0.002776019275188446,0.04238315671682358,2.7299466133117676,0.00268178922124207,0.0026608509942889214,0.06415154784917831,0.9987759590148926
4550,4,0.05356815829873085,0.0035229395143687725,0.05004521831870079,2.5419235229492188,0.003034352557733655,0.0030301352962851524,0.07234226167201996,0.9976921081542969
4600,4,0.045067138969898224,0.002534782513976097,0.042532358318567276,2.7414488792419434,0.0023082613479346037,0.0023052161559462547,0.06338785588741302,0.9987204074859619
4650,4,0.04401325061917305,0.0025435276329517365,0.041469722986221313,2.5747623443603516,0.0021602881606668234,0.002116438001394272,0.06116378679871559,0.9988148212432861
4700,4,0.04683380946516991,0.0024974592961370945,0.04433634877204895,2.6699368953704834,0.00249843904748559,0.002493859501555562,0.06517579406499863,0.9992241859436035
4750,4,0.045259084552526474,0.0028102886863052845,0.04244879633188248,2.6917262077331543,0.0022914381697773933,0.0022661127150058746,0.06327527016401291,0.9963284134864807
4800,4,0.0445258654654026,0.0031635179184377193,0.041362348943948746,2.395557165145874,0.0027210304979234934,0.0027034664526581764,0.061928145587444305,0.9962654113769531
4850,4,0.048113103955984116,0.003078451845794916,0.04503465071320534,2.7214784622192383,0.0019389998633414507,0.0019296921091154218,0.06558918952941895,0.9953314661979675
4900,4,0.04567166790366173,0.0030433498322963715,0.042628318071365356,2.640307903289795,0.002929852344095707,0.002869614865630865,0.06467267125844955,0.9950641393661499
4950,4,0.04349051043391228,0.003055223263800144,0.04043528810143471,2.5689969062805176,0.0022906973026692867,0.0022786210756748915,0.060904812067747116,0.995538592338562
5000,4,0.04302879795432091,0.0025603296235203743,0.04046846926212311,2.428762912750244,0.0020356490276753902,0.002048999536782503,0.05925726145505905,0.9945588707923889
5050,4,0.042194560170173645,0.002335628028959036,0.03985893353819847,2.6450350284576416,0.0018361523980274796,0.001824664301238954,0.05908055230975151,0.9946895837783813
5100,4,0.040359336882829666,0.002545158378779888,0.0378141775727272,2.5204920768737793,0.002336731180548668,0.0023296624422073364,0.057628192007541656,0.9936379194259644
5150,4,0.039228782057762146,0.004635592922568321,0.034593190997838974,2.525200366973877,0.0020900475792586803,0.002065095352008939,0.0560099259018898,0.991593599319458
5200,4,0.039753589779138565,0.0023649183567613363,0.037388671189546585,2.4915754795074463,0.0025402663741260767,0.0025054290890693665,0.05725716054439545,0.9918351173400879
5250,4,0.04199749976396561,0.0024987421929836273,0.03949875757098198,2.6494228839874268,0.0018518789438530803,0.0018466563196852803,0.05894314870238304,0.9919858574867249
5300,4,0.040183402597904205,0.0024803653359413147,0.03770303726196289,2.3256845474243164,0.0019400897435843945,0.0018960441229864955,0.05564795807003975,0.9910902380943298
5350,4,0.0396869033575058,0.002201735507696867,0.037485167384147644,2.4163427352905273,0.002136810915544629,0.002114458940923214,0.05601988732814789,0.9921138882637024
5400,4,0.03889764845371246,0.0020746178925037384,0.036823030561208725,2.4485180377960205,0.002398999407887459,0.0023697656579315662,0.05590900406241417,0.9897544384002686
5450,4,0.04115714505314827,0.0025752768851816654,0.03858186677098274,2.521078586578369,0.002436279784888029,0.0024200472980737686,0.05861886218190193,0.9899287819862366
5500,5,0.035794734954833984,0.0024253102019429207,0.03336942568421364,2.419843912124634,0.0021860527340322733,0.002170947380363941,0.05225095525383949,0.9886335134506226
5550,5,0.03964456915855408,0.0024853283539414406,0.03715924173593521,2.3384780883789062,0.00201161066070199,0.0019851180259138346,0.055333688855171204,0.9888978600502014
5600,5,0.0374426394701004,0.0023809929843991995,0.03506164625287056,2.359443426132202,0.0017262515611946583,0.0017295952420681715,0.05269570276141167,0.9896802306175232
5650,5,0.04057297110557556,0.002737106289714575,0.03783586621284485,2.458528757095337,0.001912680803798139,0.001914513879455626,0.056692808866500854,0.9897603392601013
5700,5,0.03889499232172966,0.0025081029161810875,0.036386888474226,2.5302038192749023,0.002308373339474201,0.002245542826130986,0.05609992891550064,0.9868344068527222
5750,5,0.03601924329996109,0.0023827904369682074,0.03363645449280739,2.448432445526123,0.002260555513203144,0.002222293522208929,0.05274425446987152,0.9850866198539734
5800,5,0.04075808823108673,0.0024772118777036667,0.038280878216028214,2.2290778160095215,0.0023892996832728386,0.002347285393625498,0.05664006248116493,0.985139012336731
5850,5,0.03584776818752289,0.0019522974034771323,0.03389547020196915,2.425414800643921,0.002329152775928378,0.0023423805832862854,0.052646372467279434,0.9863764047622681
5900,5,0.03644357621669769,0.00234089232981205,0.03410268574953079,2.261838912963867,0.0015234197489917278,0.0014968807809054852,0.050773072987794876,0.9849774837493896
5950,5,0.03771800175309181,0.002221140079200268,0.03549686074256897,2.2925362586975098,0.0024635805748403072,0.002456122078001499,0.054100386798381805,0.9856836199760437
6000,5,0.03769149258732796,0.0023152492940425873,0.03537624329328537,2.3757593631744385,0.002756555564701557,0.002685614861547947,0.05501245707273483,0.9840174913406372
6050,5,0.038449112325906754,0.003170502372086048,0.03527861088514328,2.3371822834014893,0.0025454433634877205,0.002507907571271062,0.0551883727312088,0.9848098754882812
6100,5,0.034888699650764465,0.0021470095962285995,0.03274168819189072,2.3286986351013184,0.0015678138006478548,0.0015761826653033495,0.049676187336444855,0.9830613732337952
6150,5,0.03570909798145294,0.0023472970351576805,0.03336180001497269,2.3257782459259033,0.001686215284280479,0.001636670553125441,0.0506608746945858,0.9825044870376587
6200,5,0.03533738851547241,0.0020261865574866533,0.03331120312213898,2.2918810844421387,0.0019291340140625834,0.0019132057204842567,0.050639133900403976,0.9828741550445557
6250,5,0.035310499370098114,0.002717603463679552,0.03259289637207985,2.2620062828063965,0.002096664160490036,0.0020631570369005203,0.05078034847974777,0.9833217859268188
6300,5,0.038394369184970856,0.002317504957318306,0.0360768623650074,2.2997207641601562,0.0027191434055566788,0.0026682603638619184,0.055280376225709915,0.9825148582458496
6350,5,0.03505751118063927,0.0021939766593277454,0.03286353498697281,2.283170700073242,0.0020255090203136206,0.0020115147344768047,0.05051038786768913,0.9834964275360107
6400,5,0.033867206424474716,0.0018077024724334478,0.032059505581855774,2.1661698818206787,0.0017667333595454693,0.0017465273849666119,0.048211317509412766,0.9827392101287842
6450,5,0.03587142378091812,0.0021866275928914547,0.03368479758501053,2.2628378868103027,0.00201942166313529,0.0020072285551577806,0.05121226608753204,0.9836283326148987
6500,5,0.04442168399691582,0.003436867380514741,0.04098481684923172,2.226555585861206,0.004465122707188129,0.004365095868706703,0.06438467651605606,0.9819956421852112
6550,5,0.03906514123082161,0.002277754247188568,0.03678738698363304,2.2025229930877686,0.0021752051543444395,0.002221175003796816,0.054474133998155594,0.9814684391021729
6600,5,0.03262745216488838,0.0021569784730672836,0.0304704736918211,2.220252513885498,0.001866813749074936,0.0018616251181811094,0.04745715484023094,0.9831494688987732
6650,5,0.03490094840526581,0.0016991517040878534,0.03320179507136345,2.277878999710083,0.0017823625821620226,0.0017806768883019686,0.049853380769491196,0.9815511703491211
6700,5,0.03260413557291031,0.002121380530297756,0.030482755973935127,2.293179988861084,0.0016336017288267612,0.0015970489475876093,0.047300685197114944,0.9826027154922485
6750,5,0.03516773879528046,0.001834027818404138,0.033333711326122284,2.150153636932373,0.0017615240067243576,0.001735578989610076,0.04941560700535774,0.9821550846099854
6800,5,0.038612011820077896,0.0021844052243977785,0.03642760589718819,2.2243995666503906,0.001772003248333931,0.0017548971809446812,0.053260911256074905,0.9823737740516663
6850,6,0.03439530357718468,0.002281384076923132,0.03211392089724541,2.404233455657959,0.002776698675006628,0.0027720702346414328,0.05196523666381836,0.9815812110900879
6900,6,0.03653896227478981,0.002155665075406432,0.034383296966552734,2.2769598960876465,0.002088420558720827,0.0020606524776667356,0.052072834223508835,0.9815161228179932
6950,6,0.03361547738313675,0.0025520846247673035,0.031063392758369446,2.259701728820801,0.0015229959972202778,0.0014998107217252254,0.04793678969144821,0.9804835915565491
7000,6,0.03302092105150223,0.0017578961560502648,0.03126302361488342,2.1698410511016846,0.0015301370294764638,0.0015069039072841406,0.04690716415643692,0.9812008142471313
7050,6,0.0318789966404438,0.001791299320757389,0.030087696388363838,2.2543859481811523,0.001655680127441883,0.0016391435638070107,0.04644574970006943,0.9802770614624023
7100,6,0.03510031849145889,0.002189189661294222,0.03291112929582596,2.0471386909484863,0.0019107148982584476,0.001881942618638277,0.04912867024540901,0.9802870750427246
7150,6,0.03533617779612541,0.0018019110430032015,0.03353426605463028,2.2427902221679688,0.00171077495906502,0.0016644294373691082,0.04992533475160599,0.981330156326294
7200,6,0.030733199790120125,0.0017963374266400933,0.02893686294555664,2.229071617126465,0.0017334449803456664,0.0017178410198539495,0.04532984644174576,0.981357216835022
7250,6,0.03220536187291145,0.0017131869681179523,0.03049217350780964,2.1818184852600098,0.001501025864854455,0.0014919217210263014,0.046107400208711624,0.9799536466598511
7300,6,0.03176522254943848,0.002365756081417203,0.029399467632174492,2.2324929237365723,0.0016529858112335205,0.00162445567548275,0.046205125749111176,0.9812816381454468
7350,6,0.03306101635098457,0.0019938370678573847,0.031067177653312683,2.1576602458953857,0.0017516796942800283,0.0017280163010582328,0.04732901602983475,0.9820917844772339
7400,6,0.03248642757534981,0.0018925451440736651,0.030593881383538246,2.080522060394287,0.0015320898965001106,0.0015207177493721247,0.04594184458255768,0.9812387228012085
7450,6,0.034525949507951736,0.002223309827968478,0.03230264037847519,2.1975016593933105,0.0015731354942545295,0.0015812194906175137,0.04866781458258629,0.980588436126709
7500,6,0.03140142187476158,0.0019891071133315563,0.029412314295768738,2.309363842010498,0.0016282811993733048,0.0016222300473600626,0.04619874805212021,0.980819046497345
7550,6,0.033748432993888855,0.001985942479223013,0.031762491911649704,2.127350330352783,0.0014024304691702127,0.0013717772671952844,0.04715939238667488,0.9807190299034119
7600,6,0.03251652047038078,0.0020316611044108868,0.030484860762953758,2.159526824951172,0.001434326870366931,0.00141392950899899,0.04616241157054901,0.9799166917800903
7650,6,0.030841631814837456,0.001609048922546208,0.029232582077383995,2.158115863800049,0.0012621302157640457,0.0012471191585063934,0.044141463935375214,0.9796667695045471
7700,6,0.030883928760886192,0.0019926405511796474,0.028891287744045258,2.2306056022644043,0.0017775734886527061,0.001776346005499363,0.045590877532958984,0.9804471731185913
7750,6,0.029137155041098595,0.001845702761784196,0.027291452512145042,1.9353020191192627,0.0014495749492198229,0.001427388982847333,0.041690628975629807,0.9799047708511353
7800,6,0.02966802753508091,0.0016956180334091187,0.02797240950167179,2.1829090118408203,0.0024201455526053905,0.00236580241471529,0.04536851868033409,0.9793020486831665
7850,6,0.03565707057714462,0.0019566044211387634,0.03370046615600586,2.216071128845215,0.0015195433516055346,0.0015121930046007037,0.04976916313171387,0.9784504175186157
7900,6,0.03216191381216049,0.0020461678504943848,0.030115745961666107,2.126156806945801,0.0017409473657608032,0.0017176410183310509,0.04625128582119942,0.9784818887710571
7950,6,0.033394016325473785,0.0018092708196491003,0.03158474713563919,2.113713264465332,0.0015115031274035573,0.0014821345685049891,0.04695621877908707,0.9799056053161621
8000,6,0.031025594100356102,0.0019135813927277923,0.029112013056874275,2.148049831390381,0.0015711465384811163,0.0015772298211231828,0.04491421952843666,0.979369044303894
8050,6,0.03145495057106018,0.00243239663541317,0.02902255579829216,1.9594781398773193,0.0013566503766924143,0.0013401939067989588,0.0439491868019104,0.9793267250061035
8100,6,0.03042585216462612,0.0019971374422311783,0.028428714722394943,2.145803928375244,0.0013869288377463818,0.0013183301780372858,0.04386013001203537,0.9793906807899475
8150,6,0.031002841889858246,0.002025104593485594,0.028977736830711365,2.004577159881592,0.0016560808289796114,0.0016302746953442693,0.04431208223104477,0.9793681502342224
8200,7,0.029756341129541397,0.0017882438842207193,0.02796809747815132,2.212599515914917,0.0012575916480273008,0.001234712777659297,0.04331164434552193,0.978934645652771
8250,7,0.02973763644695282,0.00147634232416749,0.028261294588446617,2.0016138553619385,0.001137858140282333,0.001129603711888194,0.04201316460967064,0.9800865650177002
8300,7,0.034927964210510254,0.0018163570202887058,0.033111605793237686,2.0736029148101807,0.001348316902294755,0.0013136444613337517,0.04795794188976288,0.9796490669250488
8350,7,0.03210656717419624,0.001918972935527563,0.030187593773007393,2.1352505683898926,0.0011134964879602194,0.0010934742167592049,0.04498979076743126,0.9795814156532288
8400,7,0.03249451145529747,0.001789736794307828,0.03070477396249771,2.006765842437744,0.0016787233762443066,0.0016385142225772142,0.045845575630664825,0.9804327487945557
8450,7,0.02935636229813099,0.0019721302669495344,0.027384232729673386,2.1259732246398926,0.0012235438916832209,0.0011913267662748694,0.04240110144019127,0.9791836738586426
8500,7,0.030462082475423813,0.001552118919789791,0.028909962624311447,2.064983367919922,0.0014017856447026134,0.0013862712075933814,0.04357505589723587,0.9797323942184448
8550,7,0.03046964667737484,0.00167988077737391,0.028789766132831573,2.0990233421325684,0.0015773838385939598,0.00154854916036129,0.044090695679187775,0.9796212911605835
8600,7,0.029743053019046783,0.0015364361461251974,0.028206616640090942,2.3431262969970703,0.0011591414222493768,0.0011570160277187824,0.04377484321594238,0.9792477488517761
8650,7,0.028653837740421295,0.0014463071711361408,0.02720753103494644,2.0778796672821045,0.0013076553586870432,0.001325561199337244,0.04167645424604416,0.980739414691925
8700,7,0.029812313616275787,0.0018638651818037033,0.027948448434472084,2.177432060241699,0.001669283490628004,0.0016756464028730989,0.04404440522193909,0.9800370335578918
8750,7,0.02960178628563881,0.0013422865886241198,0.02825949899852276,2.170705795288086,0.001494582393206656,0.001458471640944481,0.04340836778283119,0.9795994162559509
8800,7,0.03431328386068344,0.0023120720870792866,0.03200121223926544,2.10447359085083,0.0014632388483732939,0.0013977393973618746,0.04769662767648697,0.9799180626869202
8850,7,0.03316084295511246,0.001827152562327683,0.03133368864655495,2.2235846519470215,0.0016145951813086867,0.001603300916031003,0.04749666154384613,0.9778954982757568
8900,7,0.03275381773710251,0.0016369482036679983,0.031116869300603867,2.063326358795166,0.0015638255281373858,0.001546024577692151,0.046180300414562225,0.9803860187530518
8950,7,0.02875443920493126,0.0014198189601302147,0.02733462117612362,2.041313648223877,0.0014758335892111063,0.001458598766475916,0.041895441710948944,0.979819118976593
9000,7,0.02935819886624813,0.0015851822681725025,0.027773017063736916,2.0273609161376953,0.0013186436844989657,0.0013146711280569434,0.042128317058086395,0.9794782400131226
9050,7,0.02869684249162674,0.0016258560353890061,0.027070986106991768,2.128751754760742,0.001110966200940311,0.0010861718328669667,0.04153773933649063,0.9796923995018005
9100,7,0.03261934965848923,0.0015826232265681028,0.031036727130413055,1.9338195323944092,0.0013604091946035624,0.0013088984414935112,0.04495775327086449,0.9798328280448914
9150,7,0.029144296422600746,0.001501378370448947,0.02764291875064373,2.160655975341797,0.0012910335790365934,0.0012770469766110182,0.04251565784215927,0.9794949889183044
9200,7,0.03134707361459732,0.0014712805859744549,0.02987579256296158,2.0637667179107666,0.001197919249534607,0.0011889028828591108,0.04405273124575615,0.9795354604721069
9250,7,0.03153710067272186,0.0018099257722496986,0.02972717583179474,2.346932888031006,0.0015609317924827337,0.0015118150040507317,0.046344511210918427,0.9797285795211792
9300,7,0.03018110804259777,0.0015792810590937734,0.02860182709991932,1.94498610496521,0.001640836475417018,0.0016176635399460793,0.04316454008221626,0.9797627925872803
9350,7,0.0299067385494709,0.001518585835583508,0.02838815189898014,2.0100483894348145,0.0012633310398086905,0.001241869991645217,0.04246218129992485,0.9791951179504395
9400,7,0.02786942943930626,0.0012931160163134336,0.026576314121484756,1.922254204750061,0.0013093538582324982,0.00130053935572505,0.040090594440698624,0.9794898629188538
9450,7,0.03060970827937126,0.0017948625609278679,0.02881484478712082,2.3779211044311523,0.0012931188102811575,0.0012719484511762857,0.045064378529787064,0.9799572825431824
9500,7,0.029437027871608734,0.0013915124582126737,0.028045514598488808,2.0533461570739746,0.0016319183632731438,0.0015727711142972112,0.0429084450006485,0.9794092178344727
9550,8,0.02876986749470234,0.0016282398719340563,0.027141626924276352,2.0731611251831055,0.0014127283357083797,0.0013587838038802147,0.041907183825969696,0.9791336059570312
9600,8,0.028687402606010437,0.0015079525765031576,0.027179449796676636,2.1235721111297607,0.0013184896670281887,0.0012998387683182955,0.04192359000444412,0.9800777435302734
9650,8,0.029318345710635185,0.0014730405528098345,0.02784530445933342,1.9443888664245605,0.001105434843339026,0.0010848542442545295,0.04123057797551155,0.9813790321350098
9700,8,0.029297523200511932,0.0015291864983737469,0.027768336236476898,2.016845464706421,0.0011249665403738618,0.0011019587982445955,0.04160867631435394,0.9785116910934448
9750,8,0.027368661016225815,0.001779611804522574,0.025589048862457275,2.164620876312256,0.0013732045190408826,0.0013155363267287612,0.04088050499558449,0.9785488247871399
9800,8,0.028650406748056412,0.0012950442032888532,0.027355361729860306,2.0600836277008057,0.0012145803775638342,0.0011811897857114673,0.04134659469127655,0.9793788194656372
9850,8,0.02797105349600315,0.0012498070718720555,0.026721246540546417,1.9626256227493286,0.0009322089026682079,0.0009165635565295815,0.03963295370340347,0.9787862300872803
9900,8,0.02776668407022953,0.0015404016012325883,0.026226282119750977,2.118401050567627,0.001160076935775578,0.0011585955508053303,0.04067736119031906,0.9796357750892639
9950,8,0.029596228152513504,0.0013214962091296911,0.02827473171055317,2.1218838691711426,0.0009763670968823135,0.0009697432396933436,0.04215175658464432,0.9789446592330933
10000,8,0.02801848016679287,0.001461624400690198,0.02655685506761074,1.9689818620681763,0.001453909557312727,0.0014330155681818724,0.04075031355023384,0.9791727662086487
10050,8,0.02649853751063347,0.0014280399773269892,0.025070497766137123,1.9991540908813477,0.0011384168174117804,0.001146811991930008,0.03877953439950943,0.9805347919464111
10100,8,0.028210898861289024,0.001435082871466875,0.026775816455483437,1.9781928062438965,0.001245158608071506,0.0012387821916490793,0.04058580473065376,0.979316234588623
10150,8,0.026690879836678505,0.001413386082276702,0.02527749352157116,1.927607536315918,0.0011687513906508684,0.0011392770102247596,0.0386369489133358,0.9784236550331116
10200,8,0.03018484264612198,0.0015443312004208565,0.028640512377023697,1.9425654411315918,0.0015394489746540785,0.001522214850410819,0.04295933246612549,0.9803310632705688
10250,8,0.02966531366109848,0.0016903029754757881,0.027975011616945267,2.1325221061706543,0.001266461331397295,0.0012500276789069176,0.042844414710998535,0.979718804359436
10300,8,0.03946050629019737,0.002043824177235365,0.03741668164730072,2.052924394607544,0.0031194821931421757,0.003037594025954604,0.05588220804929733,0.9789478182792664
10350,8,0.03529926389455795,0.0015905696200206876,0.03370869532227516,1.9627574682235718,0.0019528185948729515,0.0019324666354805231,0.048998333513736725,0.9791592359542847
10400,8,0.030456945300102234,0.0016898898174986243,0.028767054900527,2.1130967140197754,0.0011464899871498346,0.0011410471051931381,0.04330996423959732,0.9791878461837769
10450,8,0.027717702090740204,0.001491704024374485,0.026225997135043144,1.9767664670944214,0.0020057910587638617,0.0019689949695020914,0.0415763184428215,0.9793347716331482
10500,8,0.02976459264755249,0.0016973040765151381,0.028067288920283318,1.9309790134429932,0.0011227414943277836,0.0011036302894353867,0.04164585843682289,0.9801592826843262
10550,8,0.031823478639125824,0.0013853199779987335,0.03043815679848194,1.977213978767395,0.0010425804648548365,0.001025260891765356,0.04377739131450653,0.9805989265441895
10600,8,0.028175784274935722,0.0011971961939707398,0.026978587731719017,2.1154351234436035,0.0012789317406713963,0.0012472955277189612,0.04127918556332588,0.9791999459266663
10650,8,0.031003855168819427,0.0017313812859356403,0.029272474348545074,1.9690109491348267,0.001258557545952499,0.0012500121956691146,0.0433574803173542,0.9795170426368713
10700,8,0.03158050775527954,0.0017157329712063074,0.029864773154258728,2.0406391620635986,0.0014785702805966139,0.0014448822475969791,0.04470715671777725,0.9792171716690063
10750,8,0.02976837195456028,0.0013277293182909489,0.02844064310193062,2.0267326831817627,0.001362465787678957,0.0013598179211840034,0.04262431710958481,0.9802556037902832
10800,8,0.028385674580931664,0.00127298547886312,0.0271126888692379,2.0842132568359375,0.001266914652660489,0.0012378356186673045,0.041311491280794144,0.9805338978767395
10850,8,0.029701266437768936,0.001479397527873516,0.028221867978572845,1.9557360410690308,0.001178536331281066,0.00114070950075984,0.04179919511079788,0.9796805381774902
10900,8,0.030877726152539253,0.0017511820187792182,0.029126543551683426,2.096529960632324,0.0013576954370364547,0.001351196551695466,0.04406926780939102,0.9797147512435913
10950,9,0.032279614359140396,0.0013346871128305793,0.030944926664233208,1.9431726932525635,0.0010519077768549323,0.0010170976165682077,0.0440644808113575,0.9798547029495239
11000,9,0.029819734394550323,0.0013959086500108242,0.028423825278878212,1.7900844812393188,0.0013831739779561758,0.0013589230366051197,0.04151225462555885,0.9797250032424927
11050,9,0.028983555734157562,0.0013514989987015724,0.027632055804133415,1.991602897644043,0.0011332181748002768,0.0011272712145000696,0.041202060878276825,0.9790828227996826
11100,9,0.028446214273571968,0.0013865374494343996,0.027059676125645638,1.9991956949234009,0.000962686026468873,0.0009722285903990269,0.04037711024284363,0.9807140231132507
11150,9,0.02728169783949852,0.001268630614504218,0.026013066992163658,1.851973533630371,0.0009691535960882902,0.0009506940259598196,0.038461413234472275,0.9802690744400024
11200,9,0.02845843695104122,0.0017649923684075475,0.026693444699048996,1.9585134983062744,0.0012958662118762732,0.001281175878830254,0.040828049182891846,0.9811186790466309
11250,9,0.02734292484819889,0.001275996444746852,0.02606692910194397,2.0581393241882324,0.0009966156212612987,0.0009863722370937467,0.03961660712957382,0.9810426831245422
11300,9,0.02747773565351963,0.0015305406413972378,0.025947194546461105,1.7901592254638672,0.0010061892680823803,0.0010031273122876883,0.0384378507733345,0.9810083508491516
11350,9,0.027006618678569794,0.0018326611025258899,0.025173958390951157,2.070809841156006,0.001309066079556942,0.0012778884265571833,0.039947621524333954,0.9790728092193604
11400,9,0.02917042374610901,0.001305073732510209,0.027865350246429443,2.066636562347412,0.0010872164275497198,0.0010641957633197308,0.04165501520037651,0.9800208806991577
11450,9,0.026651544496417046,0.0010987763525918126,0.025552768260240555,2.0205328464508057,0.0010471238056197762,0.0010183107806369662,0.03881964460015297,0.9816415905952454
11500,9,0.028885792940855026,0.0013548315037041903,0.027530960738658905,1.922586441040039,0.0011671758256852627,0.0011328896507620811,0.040798790752887726,0.982456624507904
11550,9,0.02782021276652813,0.0012311527971178293,0.026589060202240944,1.9417616128921509,0.0012635355815291405,0.0012555138673633337,0.04004807025194168,0.980400025844574
11600,9,0.026863472536206245,0.0012891351943835616,0.02557433769106865,1.9140334129333496,0.001044312259182334,0.0010393518023192883,0.0385173000395298,0.9807438254356384
11650,9,0.02766222320497036,0.001606726786121726,0.02605549618601799,1.9519011974334717,0.0010414260905236006,0.001012965920381248,0.039476122707128525,0.9802656173706055
11700,9,0.026896748691797256,0.0014587496407330036,0.02543799951672554,1.9154975414276123,0.0012170968111604452,0.0012023344170302153,0.03889366611838341,0.9816364049911499
11750,9,0.025955408811569214,0.0013537202030420303,0.024601688608527184,1.8923468589782715,0.0012680815998464823,0.0012491116067394614,0.03793433681130409,0.9811900854110718
11800,9,0.02890802174806595,0.0022428249940276146,0.02666519768536091,1.944429874420166,0.000990977045148611,0.0009438475826755166,0.04056499898433685,0.9820138216018677
11850,9,0.026519153267145157,0.0011823851382359862,0.025336768478155136,1.9797427654266357,0.0010576597414910793,0.0010532897431403399,0.038528818637132645,0.9821624755859375
11900,9,0.027310391888022423,0.0015714216278865933,0.025738969445228577,1.8920512199401855,0.00102660758420825,0.0010032630525529385,0.038800518959760666,0.9809257984161377
11950,9,0.02703165076673031,0.0015813681529834867,0.02545028179883957,1.917029619216919,0.0009586581727489829,0.0009394566877745092,0.038514912128448486,0.9819108247756958
12000,9,0.029838792979717255,0.0015370319597423077,0.02830176055431366,1.9460182189941406,0.001257229596376419,0.0012463605962693691,0.04207247495651245,0.9819972515106201
12050,9,0.02765253186225891,0.001445188419893384,0.026207342743873596,1.9642746448516846,0.0010740408906713128,0.0010362080065533519,0.03958415612578392,0.9814493656158447
12100,9,0.026234161108732224,0.0011192652164027095,0.025114895775914192,1.788582444190979,0.0011487934971228242,0.0011454105842858553,0.03747127950191498,0.9816983938217163
12150,9,0.025469748303294182,0.0011820888612419367,0.02428765967488289,2.1048779487609863,0.0011114055523648858,0.001101370551623404,0.03820691630244255,0.9806903600692749
12200,9,0.029241438955068588,0.0012868562480434775,0.0279545821249485,1.911553144454956,0.0009565759683027864,0.0009438397828489542,0.04069961979985237,0.9808998703956604
12250,9,0.026182077825069427,0.001220641192048788,0.024961436167359352,1.9477685689926147,0.000902536092326045,0.0008715983713045716,0.037695057690143585,0.9810024499893188
12300,10,0.02593265101313591,0.0011092807399109006,0.024823369458317757,1.8321847915649414,0.0010879103792831302,0.0010624793358147144,0.03724396601319313,0.982986569404602
12350,10,0.028211573138833046,0.001328460406512022,0.026883112266659737,1.9900286197662354,0.001276800176128745,0.0012521834578365088,0.04069070145487785,0.9816731810569763
12400,10,0.027897287160158157,0.0012808035826310515,0.02661648392677307,1.9546399116516113,0.0011463470291346312,0.0011357867624610662,0.03995262086391449,0.9813658595085144
12450,10,0.030362606048583984,0.0015989737585186958,0.028763631358742714,1.8253556489944458,0.001015792484395206,0.000997388968244195,0.041502565145492554,0.9818133115768433
12500,10,0.027507705613970757,0.001212864532135427,0.02629484049975872,1.9990208148956299,0.0011510681360960007,0.0011329217813909054,0.03978680074214935,0.98233562707901
12550,10,0.02718784473836422,0.0012180685298517346,0.025969775393605232,1.8701878786087036,0.001277088071219623,0.0012555925641208887,0.0390714630484581,0.9814460873603821
12600,10,0.026929350569844246,0.0011772863799706101,0.02575206384062767,2.0270724296569824,0.0012974173296242952,0.0012817871756851673,0.039643917232751846,0.9811403751373291
12650,10,0.02712159976363182,0.001422934583388269,0.025698665529489517,1.930690884590149,0.001364389667287469,0.0013361060991883278,0.03947554901242256,0.9816455841064453
12700,10,0.029586153104901314,0.0014234972186386585,0.028162656351923943,1.8537771701812744,0.0011914129136130214,0.0011579177808016539,0.04120437055826187,0.9828776121139526
12750,10,0.03387800604104996,0.0022376752458512783,0.03164033219218254,1.8602572679519653,0.0012399840634316206,0.001217932440340519,0.045637208968400955,0.9816126227378845
12800,10,0.027405831962823868,0.001270704553462565,0.026135127991437912,1.9513211250305176,0.0010884354123845696,0.001075709005817771,0.03932658210396767,0.9816964864730835
12850,10,0.028247177600860596,0.0014624511823058128,0.026784727349877357,1.9366049766540527,0.0010369298979640007,0.0009957352885976434,0.03996286541223526,0.9819765686988831
12900,10,0.0288030244410038,0.0011724033392965794,0.027630621567368507,1.8486295938491821,0.0009898418793454766,0.0009724166011437774,0.040008433163166046,0.9822226762771606
12950,10,0.031086329370737076,0.0014928726013749838,0.02959345653653145,1.8898086547851562,0.001033846172504127,0.000998377799987793,0.04256759583950043,0.9818168878555298
13000,10,0.027133023366332054,0.0010645260335877538,0.026068497449159622,2.025068759918213,0.0008256178698502481,0.0007929945131763816,0.0388769805431366,0.9821832180023193
13050,10,0.03490648791193962,0.001893061213195324,0.03301342576742172,1.8776404857635498,0.0018404638394713402,0.0018537882715463638,0.04798894003033638,0.9823117256164551
13100,10,0.03044068068265915,0.0013937583426013589,0.0290469229221344,1.9767963886260986,0.0012294845655560493,0.0011833813041448593,0.042737528681755066,0.9816755056381226
13150,10,0.029468180611729622,0.0013242590939626098,0.028143921867012978,1.7760759592056274,0.0009046833729371428,0.0008717419696040452,0.040124986320734024,0.9813889265060425
13200,10,0.028902564197778702,0.0015143703203648329,0.0273881945759058,1.8450469970703125,0.0010124039836227894,0.0010040767956525087,0.04014427959918976,0.9819200038909912
13250,10,0.029225584119558334,0.0019416594877839088,0.027283925563097,1.9461543560028076,0.0011055562645196915,0.0010756740812212229,0.041137587279081345,0.9830166697502136
13300,10,0.029669933021068573,0.001527912449091673,0.028142020106315613,1.760411024093628,0.0010977215133607388,0.0010581833776086569,0.040627893060445786,0.9819278717041016
13350,10,0.028680972754955292,0.0012515138369053602,0.027429459616541862,1.8435585498809814,0.0009636873728595674,0.0009576025186106563,0.039820052683353424,0.9826021194458008
13400,10,0.030613906681537628,0.0015846758615225554,0.029029231518507004,1.9360040426254272,0.001008085091598332,0.0009699016227386892,0.04227191209793091,0.9824429750442505
13450,10,0.030156152322888374,0.0014452490722760558,0.028710903599858284,1.8820350170135498,0.001236830954439938,0.0012317656073719263,0.042034924030303955,0.9823015928268433
13500,10,0.029522040858864784,0.0013250830816105008,0.02819695696234703,1.8758149147033691,0.0012202411890029907,0.0011854921467602253,0.04130684584379196,0.9818974733352661
13550,10,0.027966434136033058,0.001403521979227662,0.02656291238963604,1.900229573249817,0.0009250773582607508,0.0009003390441648662,0.03929299861192703,0.9823827147483826
13600,10,0.027862682938575745,0.0012722751125693321,0.026590408757328987,1.9028856754302979,0.0009089111117646098,0.0009064504993148148,0.03919247165322304,0.9817478656768799
13650,11,0.025914646685123444,0.001329283812083304,0.024585362523794174,1.866905927658081,0.0009603858925402164,0.0009257341735064983,0.0371352955698967,0.9822292923927307
13700,11,0.028768258169293404,0.0011060390388593078,0.02766221947968006,1.856050968170166,0.0009980832692235708,0.0009964132914319634,0.04004301130771637,0.9822244644165039
13750,11,0.02646431140601635,0.0012140664039179683,0.02525024488568306,1.9135555028915405,0.0009020536672323942,0.0008793127490207553,0.0378134548664093,0.9824060201644897
13800,11,0.026963481679558754,0.0010496447794139385,0.025913836434483528,1.9370399713516235,0.0009478589054197073,0.0009259672369807959,0.03852250799536705,0.9829764366149902
13850,11,0.027422355487942696,0.0012128634843975306,0.02620949223637581,1.8024097681045532,0.0015557717997580767,0.0015026673208922148,0.03949284553527832,0.9821982383728027
13900,11,0.027469150722026825,0.0012115479912608862,0.026257602497935295,1.811355471611023,0.0010285938624292612,0.0009980355389416218,0.038552556186914444,0.9839392304420471
13950,11,0.026409819722175598,0.0013116250047460198,0.025098195299506187,1.8986800909042358,0.001139091793447733,0.0011015937197953463,0.03814390301704407,0.9826819896697998
14000,11,0.02786293812096119,0.0012710499577224255,0.026591887697577477,1.8698190450668335,0.0010031224228441715,0.0009780747350305319,0.039193231612443924,0.9839386343955994
14050,11,0.028067968785762787,0.0011598353739827871,0.026908133178949356,1.7433295249938965,0.0010317893465980887,0.0009861878352239728,0.03880259394645691,0.9803609848022461
14100,11,0.028697770088911057,0.001373273553326726,0.0273244958370924,1.9909605979919434,0.0009165338706225157,0.0009037997806444764,0.040472906082868576,0.9819744825363159
14150,11,0.027597786858677864,0.001285670092329383,0.026312116533517838,1.8854761123657227,0.0009124575881287456,0.0008692434057593346,0.03880687057971954,0.9801205396652222
14200,11,0.028513681143522263,0.001070196507498622,0.02744348533451557,1.8147778511047363,0.0011231759563088417,0.0011023692786693573,0.03981311246752739,0.9814379811286926
14250,11,0.025230802595615387,0.0015156500739976764,0.023715153336524963,1.8921269178390503,0.0011303245555609465,0.001110725337639451,0.03693248704075813,0.9812924265861511
14300,11,0.026626773178577423,0.0010504911188036203,0.025576282292604446,1.8164955377578735,0.0008320031920447946,0.0008261387702077627,0.03736739233136177,0.9822812676429749
14350,11,0.026664692908525467,0.001243754755705595,0.025420937687158585,1.9270484447479248,0.0011447678552940488,0.001132231205701828,0.03857693448662758,0.9817507266998291
14400,11,0.02782420814037323,0.0013401068281382322,0.02648410201072693,1.7702600955963135,0.0010321206646040082,0.0010052552679553628,0.03871288523077965,0.981662929058075
14450,11,0.0273705143481493,0.0011894484050571918,0.026181066408753395,1.7698962688446045,0.0009420856949873269,0.0009270485024899244,0.03808913007378578,0.9813755750656128
14500,11,0.02899167127907276,0.0012593227438628674,0.027732348069548607,1.8948071002960205,0.0009252600721083581,0.0008894858765415847,0.040280453860759735,0.9811933040618896
14550,11,0.027051307260990143,0.0014813474845141172,0.025569960474967957,1.741705298423767,0.000973532150965184,0.0009434739477001131,0.03767683729529381,0.9808377623558044
14600,11,0.024122677743434906,0.0013484784867614508,0.02277419902384281,1.8472778797149658,0.0012101802276447415,0.0011865454725921154,0.035755790770053864,0.9815359115600586
14650,11,0.026286978274583817,0.0013064584927633405,0.024980518966913223,1.8624794483184814,0.000888176669832319,0.000868653878569603,0.03735620528459549,0.9813015460968018
14700,11,0.026727279648184776,0.001222537481226027,0.025504741817712784,1.7853119373321533,0.0009532924741506577,0.0009300115052610636,0.037537142634391785,0.9809384346008301
14750,11,0.027514496818184853,0.001712207798846066,0.025802288204431534,1.8985886573791504,0.0010747849009931087,0.001056375214830041,0.03913860023021698,0.9817262887954712
14800,11,0.026702122762799263,0.0013091996079310775,0.02539292350411415,1.827160358428955,0.001170294126495719,0.0011571930954232812,0.038165412843227386,0.9808835983276367
14850,11,0.02729344181716442,0.001418632222339511,0.02587481029331684,1.8047891855239868,0.0009546551154926419,0.0009413205552846193,0.03821336105465889,0.9799947142601013
14900,11,0.02661750838160515,0.001175938406959176,0.025441570207476616,1.803192138671875,0.0009477728744968772,0.0009222918888553977,0.03750353306531906,0.9814947843551636
14950,11,0.027249500155448914,0.0012091035023331642,0.026040395721793175,1.8319787979125977,0.000863183755427599,0.0008546090102754533,0.03812718391418457,0.9811561107635498
15000,11,0.026595469564199448,0.0011892470065504313,0.02540622279047966,1.8817145824432373,0.0009647727711126208,0.0009405998280271888,0.03790941834449768,0.980617880821228
15050,12,0.025780560448765755,0.0011865827254951,0.024593977257609367,1.8388746976852417,0.0011082363780587912,0.001082153059542179,0.0371653214097023,0.9817224740982056
15100,12,0.027277251705527306,0.0010829761158674955,0.02619427628815174,1.841580867767334,0.0008216775022447109,0.0007948056445457041,0.03810163959860802,0.9803083539009094
15150,12,0.025663815438747406,0.0010068279225379229,0.024656986817717552,1.9105902910232544,0.0007427417440339923,0.0007562569808214903,0.03671576455235481,0.98081374168396
15200,12,0.027193870395421982,0.0013270258205011487,0.02586684376001358,1.7915105819702148,0.000874298857524991,0.0008592752274125814,0.03788499906659126,0.9818904399871826
15250,12,0.026817617937922478,0.0008996393298730254,0.025917978957295418,1.7684825658798218,0.0007459826883859932,0.0007556185591965914,0.037161629647016525,0.9807325601577759
15300,12,0.02584558166563511,0.001045720069669187,0.024799861013889313,1.8786869049072266,0.0008847930585034192,0.0008329371921718121,0.03695674613118172,0.9800741672515869
15350,12,0.02911984547972679,0.0026558768004179,0.02646396867930889,1.9142576456069946,0.0010695020901039243,0.0010444954968988895,0.04080513119697571,0.9807300567626953
15400,12,0.025492480024695396,0.00106760673224926,0.024424873292446136,1.6905522346496582,0.0008055511862039566,0.0008071957854554057,0.03555798530578613,0.9803510308265686
15450,12,0.025631071999669075,0.0010419556638225913,0.024589115753769875,1.6954044103622437,0.0008680303581058979,0.0008589114295318723,0.035835035145282745,0.9796156287193298
15500,12,0.025840986520051956,0.0009828399633988738,0.024858146905899048,1.6802417039871216,0.0007834123098291457,0.0007588067092001438,0.035784412175416946,0.9790065884590149
15550,12,0.029393687844276428,0.0013586129061877728,0.028035074472427368,1.9363641738891602,0.0011131773935630918,0.00106783676892519,0.04125652462244034,0.9798896908760071
15600,12,0.02805706113576889,0.0010906042298302054,0.026966456323862076,1.7872157096862793,0.001033386797644198,0.0010378229198977351,0.03906434774398804,0.9801963567733765
15650,12,0.026710087433457375,0.001243335078470409,0.02546675316989422,1.909041166305542,0.0008942630374804139,0.0008662750478833914,0.038015831261873245,0.9817845821380615
15700,12,0.02612150087952614,0.001242910511791706,0.024878589436411858,1.7763903141021729,0.0010945823742076755,0.0010713579831644893,0.03716939315199852,0.9813424348831177
15750,12,0.02715628780424595,0.0014684454072266817,0.025687841698527336,1.7233095169067383,0.0008774628513492644,0.0008683826308697462,0.03751868009567261,0.9809021353721619
15800,12,0.02855129912495613,0.0011409855214878917,0.027410313487052917,1.7624001502990723,0.0008649830706417561,0.0008664062479510903,0.03909468650817871,0.9797146320343018
15850,12,0.026430200785398483,0.0011703136842697859,0.02525988779962063,1.754296064376831,0.0010914820013567805,0.0010800824966281652,0.037373244762420654,0.9797965884208679
15900,12,0.029589103534817696,0.0011877788929268718,0.028401324525475502,1.8681758642196655,0.0010299140121787786,0.0010001694317907095,0.04096006602048874,0.9804789423942566
15950,12,0.02775411307811737,0.001314604771323502,0.02643950842320919,1.7517433166503906,0.0009161560446955264,0.0009098581504076719,0.03833884373307228,0.9799333214759827
16000,12,0.027053823694586754,0.0014829349238425493,0.025570888072252274,1.8927032947540283,0.0008329614065587521,0.0008245966164395213,0.03817489743232727,0.9803367257118225
16050,12,0.027612723410129547,0.0011688944650813937,0.026443829759955406,1.887439250946045,0.0008442177204415202,0.0008374527096748352,0.038731589913368225,0.9797980785369873
16100,12,0.02666100487112999,0.0013501234352588654,0.025310881435871124,1.786952018737793,0.0011097663082182407,0.0010579158551990986,0.03776344656944275,0.9791565537452698
16150,12,0.026274606585502625,0.0013761231675744057,0.024898484349250793,1.7956585884094238,0.0009719547815620899,0.0009538749000057578,0.037178728729486465,0.979729413986206
16200,12,0.02717059850692749,0.0011980286799371243,0.02597256936132908,1.7880934476852417,0.0007306035258807242,0.0007179488893598318,0.037559617310762405,0.9804219007492065
16250,12,0.026145944371819496,0.0010908101685345173,0.025055134668946266,1.6963410377502441,0.0008531587081961334,0.000833825790323317,0.03631463274359703,0.980036735534668
16300,12,0.026325499638915062,0.0012248539132997394,0.025100646540522575,1.863389015197754,0.0010419986210763454,0.0010244731092825532,0.037708915770053864,0.980516791343689
16350,12,0.02559814043343067,0.0010975960176438093,0.024500545114278793,1.7592650651931763,0.0008945540175773203,0.0008709831163287163,0.036160003393888474,0.981119692325592
16400,13,0.02588309347629547,0.001374654471874237,0.024508439004421234,1.6731749773025513,0.001100793480873108,0.0010859089670702815,0.03643567115068436,0.980776309967041
16450,13,0.02470332756638527,0.0009040473960340023,0.02379927970468998,1.7800734043121338,0.0006877235719002783,0.0006773296045139432,0.034968748688697815,0.9804632067680359
16500,13,0.025509241968393326,0.001080001937225461,0.024429239332675934,1.7836953401565552,0.0009187218965962529,0.0009051683591678739,0.03625160828232765,0.9802625775337219
16550,13,0.027017224580049515,0.0011018950026482344,0.02591533027589321,1.7685390710830688,0.0008495476795360446,0.0008416945347562432,0.0375511609017849,0.9792870283126831
16600,13,0.024506818503141403,0.0010081576183438301,0.023498661816120148,1.6682978868484497,0.0007110409787856042,0.0007043924415484071,0.0342637374997139,0.9795007705688477
16650,13,0.025517791509628296,0.0009578487370163202,0.02455994300544262,1.826164960861206,0.0008907836163416505,0.0008823910029605031,0.03642179071903229,0.9791032075881958
16700,13,0.027538491412997246,0.0011228026123717427,0.026415688917040825,1.7450945377349854,0.0008241544710472226,0.0008003998664207757,0.03788851946592331,0.979164719581604
16750,13,0.027763720601797104,0.0010753599926829338,0.026688359677791595,1.6756079196929932,0.0009018180426210165,0.0008902719127945602,0.037933848798274994,0.9785040616989136
16800,13,0.027698682621121407,0.0013458619359880686,0.02635282091796398,1.7989736795425415,0.00079497997649014,0.0007841522456146777,0.0382726825773716,0.9804641008377075
16850,13,0.027863867580890656,0.0012519052252173424,0.02661196142435074,1.7825335264205933,0.0008302684291265905,0.000823026173748076,0.038429830223321915,0.9789530634880066
16900,13,0.025728022679686546,0.0011610235087573528,0.024566998705267906,1.7809607982635498,0.0008611142402514815,0.0008871773607097566,0.03638111427426338,0.9796623587608337
16950,13,0.02620873600244522,0.0010407946538180113,0.02516794204711914,1.8155975341796875,0.0007695000967942178,0.0007516017067246139,0.0368078276515007,0.978522777557373
17000,13,0.027494771406054497,0.0014555607922375202,0.026039211079478264,1.739073395729065,0.0009423571173101664,0.000958228309173137,0.038090720772743225,0.9794903993606567
17050,13,0.027775006368756294,0.001279950374737382,0.026495056226849556,1.642316460609436,0.0009772931225597858,0.0009384872391819954,0.03790236636996269,0.9790335297584534
17100,13,0.02591083198785782,0.001191713148728013,0.02471911907196045,1.7732510566711426,0.0007892907597124577,0.000774622312746942,0.036341000348329544,0.9793378114700317
17150,13,0.025959763675928116,0.0011114605003967881,0.024848302826285362,1.8476691246032715,0.0011744627263396978,0.001158001716248691,0.0375305712223053,0.9795909523963928
17200,13,0.025595007464289665,0.001018074806779623,0.024576932191848755,1.6564244031906128,0.0007203976274468005,0.0007068392587825656,0.035304367542266846,0.9800751209259033
17250,13,0.025949910283088684,0.001042401883751154,0.024907508864998817,1.744908094406128,0.0009783366695046425,0.0009703988907858729,0.036623187363147736,0.9793726801872253
17300,13,0.025240249931812286,0.0012085672933608294,0.024031681939959526,1.8540058135986328,0.0009128734236583114,0.0009108175290748477,0.03633396700024605,0.9802278280258179
17350,13,0.02518773078918457,0.001281452365219593,0.023906279355287552,1.8353254795074463,0.0011601957958191633,0.001157298102043569,0.036681853234767914,0.9796501994132996
17400,13,0.02595602534711361,0.0012374017387628555,0.024718623608350754,1.742908000946045,0.0010269604390487075,0.0010325975017622113,0.036730121821165085,0.9791709184646606
17450,13,0.025087503716349602,0.0011420889059081674,0.023945415392518044,1.7758736610412598,0.0008169676875695586,0.000800492474809289,0.035584334284067154,0.9778233766555786
17500,13,0.02595149725675583,0.0012450242647901177,0.02470647357404232,1.8144725561141968,0.0010336687555536628,0.0010107917478308082,0.03706832230091095,0.9778648614883423
17550,13,0.027678456157445908,0.0012895356630906463,0.026388920843601227,1.8252707719802856,0.0007882194477133453,0.000781146576628089,0.03837417811155319,0.9790656566619873
17600,13,0.024911954998970032,0.001202031271532178,0.023709923028945923,1.7491121292114258,0.0009694414329715073,0.0009487367351539433,0.03557569161057472,0.979068398475647
17650,13,0.026927774772047997,0.0020006222184747458,0.024927152320742607,1.7446167469024658,0.0008650202071294188,0.0008336961618624628,0.03734957426786423,0.9790501594543457
17700,13,0.02551761455833912,0.0010290617356076837,0.024488553404808044,1.7125248908996582,0.0007379660382866859,0.0007544403779320419,0.03557264432311058,0.9794881343841553
17750,14,0.024759862571954727,0.0008160147699527442,0.02394384704530239,1.893526554107666,0.0008031240431591868,0.0007893449510447681,0.03581996262073517,0.9783957600593567
17800,14,0.025911107659339905,0.0013773475075140595,0.02453375980257988,1.6892375946044922,0.0007708293851464987,0.0007561316597275436,0.035884253680706024,0.9784935116767883
17850,14,0.025657372549176216,0.001116355531848967,0.024541016668081284,1.720381736755371,0.0011145483003929257,0.001102099078707397,0.036475930362939835,0.9783255457878113
17900,14,0.026769716292619705,0.0013691915664821863,0.025400524958968163,1.7087806463241577,0.001292929518967867,0.0013152174651622772,0.03792176768183708,0.9793257713317871
17950,14,0.02680431678891182,0.0009580409969203174,0.025846276432275772,1.7056808471679688,0.001208266126923263,0.0011859110090881586,0.03772689774632454,0.9781772494316101
18000,14,0.028029903769493103,0.001161922700703144,0.026867982000112534,1.7525548934936523,0.0010209375759586692,0.0009909347863867879,0.0388045497238636,0.9795870780944824
18050,14,0.02725214511156082,0.0012275632470846176,0.026024581864476204,1.8542749881744385,0.0009319616365246475,0.0008845810662023723,0.03834006190299988,0.9785350561141968
18100,14,0.025524917989969254,0.0011601430596783757,0.0243647750467062,1.699517011642456,0.0010812485124915838,0.001040136907249689,0.03614388778805733,0.9790153503417969
18150,14,0.024028824642300606,0.0010263302829116583,0.023002494126558304,1.765397548675537,0.0007161031244322658,0.0006956640281714499,0.03426757827401161,0.977993905544281
18200,14,0.025914665311574936,0.0011720085749402642,0.02474265731871128,1.6714887619018555,0.0007683165604248643,0.0008017621003091335,0.03584218770265579,0.9798334836959839
18250,14,0.02507437765598297,0.0009954478591680527,0.02407892979681492,1.7171270847320557,0.0007707518525421619,0.0007526228437200189,0.035183388739824295,0.9786803126335144
18300,14,0.025174351409077644,0.0009600635385140777,0.024214288219809532,1.6133956909179688,0.0006960378377698362,0.0006871729856356978,0.03462454304099083,0.9795662760734558
18350,14,0.02380433864891529,0.0012528575025498867,0.022551480680704117,1.7532908916473389,0.0007837974117137492,0.0007714891107752919,0.03412608057260513,0.9803081750869751
18400,14,0.024574600160121918,0.0009156299638561904,0.02365897037088871,1.7188563346862793,0.0009755293722264469,0.0009466009796597064,0.035091012716293335,0.9797618389129639
18450,14,0.02482539787888527,0.0010204262798652053,0.02380497194826603,1.7421042919158936,0.0008091035997495055,0.0007857300224713981,0.03513075411319733,0.9787859320640564
18500,14,0.024550607427954674,0.0011139009147882462,0.023436706513166428,1.5846891403198242,0.0009410310885868967,0.0009334526257589459,0.034348536282777786,0.9795199036598206
18550,14,0.022964436560869217,0.000986610073596239,0.021977826952934265,1.8933255672454834,0.0007594525814056396,0.0007578019285574555,0.033948320895433426,0.9782469868659973
18600,14,0.02547227032482624,0.000998056959360838,0.024474212899804115,1.813879370689392,0.0009470945224165916,0.0008930490585044026,0.036381810903549194,0.9792369604110718
18650,14,0.024711476638913155,0.0011147954501211643,0.023596681654453278,1.7942965030670166,0.0007661033887416124,0.0007521527586504817,0.035201214253902435,0.9801696538925171
18700,14,0.022765694186091423,0.0008908880408853292,0.02187480591237545,1.8152778148651123,0.0006810174672864377,0.0006568621611222625,0.033179961144924164,0.9790895581245422
18750,14,0.024720599874854088,0.001116915256716311,0.023603685200214386,1.6412057876586914,0.0009347131126560271,0.0009002215228974819,0.03476156294345856,0.9780804514884949
18800,14,0.023769434541463852,0.0009988584788516164,0.022770576179027557,1.7936532497406006,0.0008520781993865967,0.0008202281314879656,0.034410007297992706,0.9788932800292969
18850,14,0.025095051154494286,0.0010220761178061366,0.024072974920272827,1.7225209474563599,0.0007764718029648066,0.0007739728316664696,0.03525809943675995,0.9795539975166321
18900,14,0.024031102657318115,0.0009401943534612656,0.02309090830385685,1.8202072381973267,0.0009590191766619682,0.0009447188931517303,0.0350358784198761,0.9793568849563599
18950,14,0.025218451395630836,0.0013423479394987226,0.02387610264122486,1.6576566696166992,0.0009274770272895694,0.0008976950193755329,0.035331908613443375,0.9802818894386292
19000,14,0.025207392871379852,0.0012476732954382896,0.023959718644618988,1.6442903280258179,0.0009885031031444669,0.0009698339272290468,0.035387180745601654,0.978901207447052
19050,14,0.022887829691171646,0.0009275145130231977,0.021960314363241196,1.8251348733901978,0.0008032495388761163,0.0008163865422829986,0.033633142709732056,0.9793245792388916
19100,15,0.023899246007204056,0.0009197634062729776,0.022979483008384705,1.655813217163086,0.001025437843054533,0.0010025077499449253,0.03420625627040863,0.9777427315711975
19150,15,0.02450213022530079,0.0010585174895823002,0.023443613201379776,1.715287446975708,0.0007803592598065734,0.0007564277620986104,0.034615352749824524,0.9790235161781311
19200,15,0.024953167885541916,0.0010691247880458832,0.023884043097496033,1.6987123489379883,0.0006429953500628471,0.0006486611673608422,0.03473838418722153,0.9781595468521118
19250,15,0.024818014353513718,0.0011020074598491192,0.02371600642800331,1.6856132745742798,0.000823167443741113,0.0007988473516888916,0.03486809507012367,0.9798480272293091
19300,15,0.024317601695656776,0.0010568551952019334,0.023260746151208878,1.7618749141693115,0.0008303923532366753,0.0008334583835676312,0.034790828824043274,0.9801394939422607
19350,15,0.02593366801738739,0.0010835956782102585,0.02485007233917713,1.738084077835083,0.0006121795740909874,0.0006111339898779988,0.03584740310907364,0.9802026152610779
19400,15,0.025292083621025085,0.0008883725386112928,0.024403711780905724,1.7650043964385986,0.0007554491749033332,0.0007330344524234533,0.03560559079051018,0.9793179035186768
19450,15,0.02396303601562977,0.0010588292498141527,0.022904206067323685,1.693044662475586,0.000777494627982378,0.0007794083212502301,0.033985160291194916,0.9803498983383179
19500,15,0.022730611264705658,0.0008215648704208434,0.021909046918153763,1.6384271383285522,0.0007345558260567486,0.0007227356545627117,0.03238004073500633,0.9790997505187988
19550,15,0.02546854130923748,0.0009798246901482344,0.024488717317581177,1.7903940677642822,0.0008357093902304769,0.0007853707065805793,0.03604159131646156,0.9778240323066711
19600,15,0.0259864404797554,0.001090626697987318,0.024895813316106796,1.7121851444244385,0.0010795544367283583,0.001064798329025507,0.03669171780347824,0.9785566926002502
19650,15,0.02445545420050621,0.0010825125500559807,0.023372942581772804,1.7674510478973389,0.0007463119691237807,0.0007118912180885673,0.034750912338495255,0.9784727096557617
19700,15,0.02896450087428093,0.0019060650374740362,0.02705843560397625,1.7874948978424072,0.0012504332698881626,0.001221767975948751,0.04037417471408844,0.9802830219268799
19750,15,0.02422051690518856,0.0010559092042967677,0.02316460758447647,1.6456613540649414,0.0010364048648625612,0.0010132924653589725,0.03449852019548416,0.9785816669464111
19800,15,0.02559799887239933,0.0011743574868887663,0.024423642084002495,1.6835739612579346,0.0009735015337355435,0.000953586888499558,0.03594295680522919,0.9803254008293152
19850,15,0.02833414077758789,0.0010682139545679092,0.02726592682301998,1.6479978561401367,0.0008396145422011614,0.0008516793022863567,0.038265421986579895,0.9785422086715698
19900,15,0.024532455950975418,0.0011077161179855466,0.02342473901808262,1.700646162033081,0.0008686019573360682,0.0008443149272352457,0.03474860638380051,0.9811547994613647
19950,15,0.024557270109653473,0.0009729034500196576,0.023584365844726562,1.808194875717163,0.0009006606414914131,0.0008767953841015697,0.035375699400901794,0.9806935787200928
20000,15,0.026217350736260414,0.0012994944117963314,0.024917855858802795,1.6421840190887451,0.0007639397517777979,0.0007331857341341674,0.03592539578676224,0.979995608329773
20050,15,0.025012122467160225,0.0009971725521609187,0.024014949798583984,1.741538405418396,0.0009010208304971457,0.0009011795627884567,0.035522013902664185,0.9799364805221558
20100,15,0.025821857154369354,0.001108311116695404,0.02471354603767395,1.6917730569839478,0.0007047615363262594,0.0006899013533256948,0.03567538410425186,0.9806739091873169
20150,15,0.024749422445893288,0.0010925396345555782,0.023656882345676422,1.8576725721359253,0.0010712714865803719,0.0010301349684596062,0.03613919019699097,0.9813320636749268
20200,15,0.02313387580215931,0.0009563852800056338,0.02217749133706093,1.6772364377975464,0.0006512212567031384,0.0006396884564310312,0.03281096741557121,0.980606734752655
20250,15,0.023792505264282227,0.0009366249432787299,0.022855879738926888,1.6480070352554321,0.000687406281940639,0.0006770852487534285,0.03339703381061554,0.9795291423797607
20300,15,0.02469678409397602,0.0010186965810135007,0.023678086698055267,1.6825544834136963,0.0008536039385944605,0.0008144183084368706,0.034777577966451645,0.9799878597259521
20350,15,0.02354404330253601,0.0010652098571881652,0.02247883379459381,1.7150449752807617,0.0009795811492949724,0.0009675419423729181,0.03406639024615288,0.9802767038345337
20400,15,0.02434602938592434,0.0009241189109161496,0.023421909660100937,1.6777410507202148,0.0006116255535744131,0.0005881134420633316,0.03393447399139404,0.980313777923584
20450,15,0.025025779381394386,0.0011178969871252775,0.02390788309276104,1.631993055343628,0.0008860563393682241,0.0008813714375719428,0.03495316952466965,0.9803460836410522
20500,16,0.03007778339087963,0.0030071570072323084,0.027070626616477966,1.6697323322296143,0.0008019802044145763,0.0007767012575641274,0.04000512510538101,0.9799572229385376
20550,16,0.024434857070446014,0.0010492905275896192,0.023385565727949142,1.730461835861206,0.000607079709880054,0.0005821739323437214,0.03427641838788986,0.9797409772872925
20600,16,0.02311193384230137,0.0011209261137992144,0.021991007030010223,1.7505404949188232,0.0009113525738939643,0.0009204808156937361,0.03369646891951561,0.9803562760353088
20650,16,0.022720005363225937,0.0009316152427345514,0.02178839035332203,1.7646008729934692,0.0008701849728822708,0.0008660561870783567,0.03327925130724907,0.980588436126709
20700,16,0.02751244232058525,0.0012186840176582336,0.026293758302927017,1.6244964599609375,0.0008312643622048199,0.0008006306597962976,0.037266820669174194,0.9804739952087402
20750,16,0.021694034337997437,0.0009621306671760976,0.020731903612613678,1.5898386240005493,0.0008473502239212394,0.0008177117560990155,0.031308289617300034,0.9801520705223083
20800,16,0.022878823801875114,0.0010786871425807476,0.02180013619363308,1.5695059299468994,0.0007782741449773312,0.0007655549561604857,0.03227018192410469,0.9802064299583435
20850,16,0.02444274164736271,0.001367870019748807,0.02307487092912197,1.6122857332229614,0.0007253978401422501,0.0007080328650772572,0.03393760323524475,0.9802594184875488
20900,16,0.02436075173318386,0.0010423233034089208,0.023318428546190262,1.8154065608978271,0.0008500859257765114,0.0008224727353081107,0.035110343247652054,0.9791731238365173
20950,16,0.02463434636592865,0.001071457751095295,0.02356288768351078,1.6540205478668213,0.0007795660058036447,0.0007728566415607929,0.03445687144994736,0.9803715944290161
21000,16,0.023043619468808174,0.0008613939862698317,0.022182226181030273,1.6738083362579346,0.0007582672988064587,0.000756328459829092,0.032927256077528,0.9816466569900513
21050,16,0.025599339976906776,0.0008811089210212231,0.024718230590224266,1.6826955080032349,0.0008161492878571153,0.0007920986972749233,0.03562106564640999,0.9809818267822266
21100,16,0.024493850767612457,0.000894450640771538,0.023599399253726006,1.6182143688201904,0.0006433740491047502,0.0006359404651448131,0.033864233642816544,0.9804049730300903
21150,16,0.02289074845612049,0.0008157237316481769,0.022075025364756584,1.7461363077163696,0.0008336721220985055,0.0008118886617012322,0.03326699137687683,0.9805268049240112
21200,16,0.024289041757583618,0.0009309137240052223,0.02335812896490097,1.6182546615600586,0.0009121662587858737,0.0008954482618719339,0.0341879278421402,0.9810669422149658
21250,16,0.021892772987484932,0.0009445939213037491,0.020948179066181183,1.6760478019714355,0.0007716917898505926,0.0007509436109103262,0.031795646995306015,0.9797681570053101
21300,16,0.021567942574620247,0.0008475383510813117,0.020720403641462326,1.5812172889709473,0.0009356760419905186,0.0009173741564154625,0.03132707625627518,0.9820430874824524
21350,16,0.02399410679936409,0.0008913781493902206,0.02310272864997387,1.618430256843567,0.000693605630658567,0.0006813099607825279,0.03346117213368416,0.980766773223877
21400,16,0.02295493893325329,0.0010696840472519398,0.021885255351662636,1.6862154006958008,0.0007493296870961785,0.0007327845669351518,0.03286813199520111,0.9820348620414734
21450,16,0.020983882248401642,0.0008877419750206172,0.02009613998234272,1.768736481666565,0.0007151742465794086,0.0007005843217484653,0.031243324279785156,0.9813625812530518
21500,16,0.022416213527321815,0.0008150381036102772,0.021601175889372826,1.6754796504974365,0.000586104579269886,0.0005632201209664345,0.031942933797836304,0.9806641340255737
21550,16,0.024378085508942604,0.001022324780933559,0.023355761542916298,1.721937894821167,0.0007388894446194172,0.0007239331025630236,0.03445059433579445,0.9810684323310852
21600,16,0.023839054629206657,0.0010543148964643478,0.02278473973274231,1.7106876373291016,0.000823758658953011,0.0008130755741149187,0.03402932733297348,0.9809235334396362
21650,16,0.023588284850120544,0.001088491640985012,0.022499792277812958,1.6120424270629883,0.0008237954461947083,0.0008099088445305824,0.03328220173716545,0.982054591178894
21700,16,0.022791873663663864,0.0009132585255429149,0.021878615021705627,1.71375572681427,0.0006768543971702456,0.0006809934275224805,0.03271850198507309,0.9797896146774292
21750,16,0.02440769597887993,0.0010820096358656883,0.023325687274336815,1.6603811979293823,0.0010679163970053196,0.0010381002211943269,0.03481561690568924,0.9814131259918213
21800,16,0.022241627797484398,0.0008670479292050004,0.021374579519033432,1.6544777154922485,0.0006015055114403367,0.00057588005438447,0.031691402196884155,0.9811964631080627
21850,17,0.021376540884375572,0.0009277161443606019,0.020448824390769005,1.6933009624481201,0.0007076050969772041,0.0007081950316205621,0.03125884383916855,0.9815083742141724
21900,17,0.022701896727085114,0.0010851479601114988,0.021616749465465546,1.6441998481750488,0.0008686183718964458,0.000860614120028913,0.032652128487825394,0.9808785319328308
21950,17,0.024200130254030228,0.001022011274471879,0.023178119212388992,1.5812238454818726,0.0008481966215185821,0.0008153524249792099,0.03376980125904083,0.9810531735420227
22000,17,0.023632744327187538,0.0009716007043607533,0.02266114391386509,1.641460657119751,0.0007357391878031194,0.0007227959576994181,0.03329858556389809,0.9826695919036865
22050,17,0.022634953260421753,0.0010089781135320663,0.021625975146889687,1.603602647781372,0.0007439007749781013,0.000735652050934732,0.03213251754641533,0.9816228747367859
22100,17,0.02263839915394783,0.0011690672254189849,0.02146933227777481,1.6591901779174805,0.0011677148286253214,0.001119834603741765,0.03322189673781395,0.9810510873794556
22150,17,0.023168664425611496,0.000994709087535739,0.022173956036567688,1.6458371877670288,0.0008275235304608941,0.0007866249652579427,0.03301199898123741,0.9814760088920593
22200,17,0.022898759692907333,0.0014169892529025674,0.021481771022081375,1.6942391395568848,0.0007448996766470373,0.000741071708034724,0.03285592421889305,0.9813973903656006
22250,17,0.02438008040189743,0.001122014014981687,0.023258065804839134,1.6567721366882324,0.0008707240922376513,0.0008665667264722288,0.03440123051404953,0.9822493195533752
22300,17,0.022938279435038567,0.0009049595100805163,0.022033320739865303,1.625596284866333,0.000666834763251245,0.0006628999835811555,0.032395996153354645,0.9825971126556396
22350,17,0.02281971275806427,0.001089512836188078,0.021730199456214905,1.6853159666061401,0.0007554112235084176,0.0007345291669480503,0.03273623436689377,0.9823081493377686
22400,17,0.02125345543026924,0.0010051258141174912,0.020248329266905785,1.612773060798645,0.0006869827629998326,0.0006523987394757569,0.03065670095384121,0.9830539226531982
22450,17,0.02501610852777958,0.0009693254833109677,0.02404678240418434,1.6809289455413818,0.0006716790376231074,0.0006621673819608986,0.03475460037589073,0.9821270108222961
22500,17,0.025015152990818024,0.0010538743808865547,0.023961279541254044,1.7093782424926758,0.0007131730671972036,0.0007286615436896682,0.03500387817621231,0.9815070629119873
22550,17,0.02378702536225319,0.0011131659848615527,0.02267386019229889,1.638512134552002,0.0008157027186825871,0.0007846815278753638,0.03357997164130211,0.9820195436477661
22600,17,0.023302802816033363,0.0008983087027445436,0.022404493764042854,1.65761399269104,0.000730865984223783,0.0006916897837072611,0.03301342576742172,0.9804039001464844
22650,17,0.022382259368896484,0.0008950870833359659,0.021487172693014145,1.6514382362365723,0.0007602529367431998,0.0007587358122691512,0.03215843811631203,0.98105788230896
22700,17,0.022501511499285698,0.0012375429505482316,0.0212639681994915,1.6660420894622803,0.0007565586711280048,0.0007487595430575311,0.032337039709091187,0.9813767075538635
22750,17,0.022334285080432892,0.0007877331227064133,0.02154655195772648,1.8525787591934204,0.000884018256329,0.0008640268351882696,0.03334522247314453,0.9810596704483032
22800,17,0.022719137370586395,0.0008968053734861314,0.021822331473231316,1.695486068725586,0.0007530080620199442,0.0007221566047519445,0.0326717346906662,0.9818698167800903
22850,17,0.026948679238557816,0.0011001303791999817,0.025848548859357834,1.4953832626342773,0.0008743404177948833,0.0008807373815216124,0.03618067130446434,0.9806137084960938
22900,17,0.02492203377187252,0.0010738442651927471,0.023848189041018486,1.5750985145568848,0.0008248122176155448,0.0007953639142215252,0.03441770374774933,0.9820057153701782
22950,17,0.023319143801927567,0.0010424499632790685,0.02227669395506382,1.723236083984375,0.0007988550351001322,0.0007764204638078809,0.03351059928536415,0.9811148643493652
23000,17,0.023498283699154854,0.0009077254799194634,0.022590558975934982,1.613463044166565,0.000782408460509032,0.0007537148776464164,0.03310172259807587,0.980517566204071
23050,17,0.022683974355459213,0.0009259595535695553,0.02175801433622837,1.6572680473327637,0.0009345259168185294,0.0009359471150673926,0.0328407883644104,0.9809832572937012
23100,17,0.023082299157977104,0.000827510142698884,0.022254789248108864,1.7235262393951416,0.0007021967321634293,0.0006672336021438241,0.03306936100125313,0.9809221029281616
23150,17,0.02447025664150715,0.0011843888787552714,0.023285867646336555,1.7851362228393555,0.0008303067879751325,0.0008381458465009928,0.035064391791820526,0.9825318455696106
23200,18,0.0237722247838974,0.0011986254248768091,0.022573599591851234,1.6826832294464111,0.001000888179987669,0.0009874580428004265,0.03417398780584335,0.9815425872802734
23250,18,0.023491932079195976,0.0010396428406238556,0.02245228923857212,1.7076280117034912,0.0007137430948205292,0.0007021084311418235,0.033445924520492554,0.9826319813728333
23300,18,0.023009594529867172,0.0009922811295837164,0.022017313167452812,1.6771745681762695,0.0006950354436412454,0.0006933721015229821,0.0327838733792305,0.9821975231170654
23350,18,0.021249454468488693,0.0010533775202929974,0.02019607648253441,1.6586723327636719,0.0009480818989686668,0.0009266422712244093,0.03141753748059273,0.9825212359428406
23400,18,0.021815599873661995,0.0009773813653737307,0.020838217809796333,1.5758869647979736,0.0007421866757795215,0.0007208531023934484,0.031158074736595154,0.9820544719696045
23450,18,0.021248983219265938,0.0008141129510477185,0.020434869453310966,1.5883219242095947,0.0007079769275151193,0.0007062506629154086,0.03060482069849968,0.981703519821167
23500,18,0.02319365367293358,0.001192956930026412,0.022000696510076523,1.701528549194336,0.0006748901214450598,0.0006855145329609513,0.03306170180439949,0.9831060171127319
23550,18,0.02391643635928631,0.0009933526162058115,0.02292308397591114,1.5560598373413086,0.0007411588449031115,0.0007078130729496479,0.033145707100629807,0.982014536857605
23600,18,0.022388650104403496,0.0011119379196316004,0.02127671241760254,1.7341316938400269,0.0005099942209199071,0.0005057521630078554,0.032075054943561554,0.98209547996521
23650,18,0.022498253732919693,0.0008271942497231066,0.021671058610081673,1.5983471870422363,0.00080623768735677,0.0007868614629842341,0.03208308666944504,0.9824197292327881
23700,18,0.023273643106222153,0.0010503253433853388,0.022223317995667458,1.6317811012268066,0.0009800766129046679,0.0009563317289575934,0.03336895629763603,0.9815635085105896
23750,18,0.024455595761537552,0.001180996303446591,0.023274598643183708,1.6487681865692139,0.0006682428065687418,0.0006495617562904954,0.03401723876595497,0.9830381274223328
23800,18,0.02304382435977459,0.0008503280696459115,0.02219349704682827,1.7939214706420898,0.0006203660741448402,0.000632577808573842,0.033266376703977585,0.9829108715057373
23850,18,0.025709278881549835,0.001036013476550579,0.02467326633632183,1.595170021057129,0.0006464376347139478,0.0006346603040583432,0.034966226667165756,0.982304573059082
23900,18,0.02305770292878151,0.0009702309034764767,0.022087471559643745,1.6282106637954712,0.0006522535113617778,0.0006298327934928238,0.032480839639902115,0.9846818447113037
23950,18,0.02222704142332077,0.0008473275229334831,0.021379712969064713,1.562419056892395,0.0007060182397253811,0.0007038309704512358,0.03144898638129234,0.982907772064209
24000,18,0.022486397996544838,0.000963545695412904,0.021522851660847664,1.6297729015350342,0.0006659176433458924,0.0006683900719508529,0.031969569623470306,0.9827080965042114
24050,18,0.02244664914906025,0.0009575567673891783,0.021489093080163002,1.6621917486190796,0.0005936025409027934,0.0005705952644348145,0.03192180395126343,0.9839290976524353
24100,18,0.025387968868017197,0.0008627413189969957,0.024525227025151253,1.6570345163345337,0.000573430850636214,0.000565997906960547,0.0348125696182251,0.9829568862915039
24150,18,0.020993676036596298,0.0009192051365971565,0.020074471831321716,1.8214266300201416,0.0006341971457004547,0.0006298585794866085,0.031364865601062775,0.9825419187545776
24200,18,0.0241558738052845,0.0010022938949987292,0.023153580725193024,1.6921766996383667,0.0006575229926966131,0.0006342047709040344,0.03390848636627197,0.9815138578414917
24250,18,0.02293657325208187,0.0007854460855014622,0.022151127457618713,1.6068799495697021,0.0007279040291905403,0.0006908683571964502,0.032389745116233826,0.9832930564880371
24300,18,0.021790379658341408,0.0008904837304726243,0.020899895578622818,1.7467217445373535,0.0006815380183979869,0.0006572530837729573,0.0318627804517746,0.9821683168411255
24350,18,0.023143934085965157,0.0009295869385823607,0.02221434749662876,1.5577821731567383,0.0006881124572828412,0.0006707813590764999,0.03229173645377159,0.9830561280250549
24400,18,0.022769419476389885,0.000898083730135113,0.021871335804462433,1.6483814716339111,0.0007465158123522997,0.0007182472036220133,0.032476089894771576,0.9817668199539185
24450,18,0.024057788774371147,0.0008617726853117347,0.023196015506982803,1.56479811668396,0.000739798997528851,0.0007513929740525782,0.033372972160577774,0.983352780342102
24500,18,0.02190089412033558,0.001093338942155242,0.020807554945349693,1.5166473388671875,0.0007637070957571268,0.0007400317117571831,0.030987869948148727,0.9822368025779724
24550,18,0.022864114493131638,0.0009622684447094798,0.021901845932006836,1.6362338066101074,0.0009272532188333571,0.0009075679117813706,0.03288010507822037,0.9826839566230774
24600,19,0.02332380972802639,0.0009710773592814803,0.022352732717990875,1.5486314296722412,0.0008660281309857965,0.0008371174335479736,0.03277011215686798,0.9832367300987244
24650,19,0.022210873663425446,0.0009948236402124166,0.021216049790382385,1.5356565713882446,0.0007359592709690332,0.0007146941497921944,0.03133980929851532,0.9827958345413208
24700,19,0.023633120581507683,0.001154839526861906,0.02247828058898449,1.556290864944458,0.0008886047289706767,0.000877381069585681,0.033180560916662216,0.9833567142486572
24750,19,0.022650642320513725,0.0009380236733704805,0.021712617948651314,1.5186660289764404,0.0007253301446326077,0.0007429532706737518,0.031712256371974945,0.9836410284042358
24800,19,0.02282591164112091,0.001041836105287075,0.02178407646715641,1.6274220943450928,0.0007366888457909226,0.0006941100582480431,0.03239382058382034,0.9824701547622681
24850,19,0.021919602528214455,0.001059392117895186,0.020860210061073303,1.6005816459655762,0.0006095225689932704,0.0006101120379753411,0.03114214539527893,0.9824038743972778
24900,19,0.02194826863706112,0.0009497285354882479,0.02099853940308094,1.5476183891296387,0.0007577117066830397,0.0007279205601662397,0.031171994283795357,0.9806374311447144
24950,19,0.02199157327413559,0.0009424861054867506,0.02104908786714077,1.5992615222930908,0.0006928548100404441,0.0006742870318703353,0.03135502338409424,0.9808695316314697
25000,19,0.021814916282892227,0.0008765120874159038,0.02093840390443802,1.6519262790679932,0.0006951873656362295,0.0006680876249447465,0.03143782168626785,0.9815561175346375
25050,19,0.021729135885834694,0.0008780878270044923,0.020851047709584236,1.6079182624816895,0.0006966725923120975,0.000673457165248692,0.031138857826590538,0.9838236570358276
25100,19,0.02063578926026821,0.0008922645938582718,0.019743524491786957,1.632073163986206,0.0006530798273161054,0.0006344016874209046,0.030083635821938515,0.9828500747680664
25150,19,0.022251710295677185,0.0009451629593968391,0.02130654826760292,1.7153033018112183,0.0006541551556438208,0.0006479107541963458,0.03213029354810715,0.9822998046875
25200,19,0.0208568274974823,0.0009281886741518974,0.019928637892007828,1.6772489547729492,0.0006895740516483784,0.0006873527308925986,0.030619999393820763,0.9825305938720703
25250,19,0.021876120939850807,0.0008863030234351754,0.02098981849849224,1.577638864517212,0.0006030205404385924,0.0005932132480666041,0.030960548669099808,0.982275128364563
25300,19,0.023457685485482216,0.0010901312343776226,0.022367553785443306,1.779731035232544,0.0006735959323123097,0.0006626740796491504,0.0336926095187664,0.981553852558136
25350,19,0.022028431296348572,0.0009993036510422826,0.02102912776172161,1.5520226955413818,0.000706151535268873,0.0006967346998862922,0.031191430985927582,0.982885479927063
25400,19,0.023964131250977516,0.0009758514352142811,0.022988280281424522,1.6966172456741333,0.0006851964863017201,0.0006744695128872991,0.03380688652396202,0.982399582862854
25450,19,0.021767156198620796,0.0009053312824107707,0.020861824974417686,1.5124895572662354,0.0007095582550391555,0.000701403128914535,0.030740564689040184,0.9817771315574646
25500,19,0.022506944835186005,0.0010240506380796432,0.02148289419710636,1.6126415729522705,0.0007495837635360658,0.0007191469776444137,0.03203888237476349,0.98284912109375
25550,19,0.023360230028629303,0.0009519419400021434,0.022408287972211838,1.6838481426239014,0.0005906371516175568,0.0005642674514092505,0.03293437510728836,0.9809604287147522
25600,19,0.022143090143799782,0.0009456264087930322,0.02119746431708336,1.616011142730713,0.0006698010838590562,0.0006568204844370484,0.03154976665973663,0.9829877614974976
25650,19,0.023527618497610092,0.001151788979768753,0.02237582951784134,1.6189854145050049,0.0007106055272743106,0.0006856558611616492,0.0330188050866127,0.981752872467041
25700,19,0.02271745353937149,0.0010306942276656628,0.02168675884604454,1.6325886249542236,0.000688726082444191,0.0006769682513549924,0.03224609047174454,0.9829413294792175
25750,19,0.023229755461215973,0.0009294904302805662,0.022300265729427338,1.5085150003433228,0.0005930840852670372,0.0005795842735096812,0.03194499760866165,0.9836938381195068
25800,19,0.02172601968050003,0.0008339796913787723,0.02089204080402851,1.5508123636245728,0.0007012062123976648,0.0006891878438182175,0.030870474874973297,0.9830923676490784
25850,19,0.02331392653286457,0.0009549867827445269,0.022358939051628113,1.5918762683868408,0.000783003750257194,0.0007824085187166929,0.032838717103004456,0.9821991920471191
25900,19,0.0224031750112772,0.0010488391853868961,0.02135433629155159,1.5347886085510254,0.000744442455470562,0.0007341036689467728,0.0315556637942791,0.9829744696617126
25950,20,0.02102508582174778,0.0011681283358484507,0.019856957718729973,1.6422926187515259,0.0006232473533600569,0.0006022833986207843,0.030462078750133514,0.9818956255912781
26000,20,0.023705825209617615,0.0010942574590444565,0.022611567750573158,1.5852770805358887,0.0007016705349087715,0.0006968820234760642,0.033030763268470764,0.982434868812561
26050,20,0.020749522373080254,0.0008698274614289403,0.019879695028066635,1.5941681861877441,0.0006547495140694082,0.0006206424441188574,0.029995756223797798,0.9807911515235901
26100,20,0.021320225670933723,0.0009915587725117803,0.020328667014837265,1.7272553443908691,0.0006206280086189508,0.0006144348299130797,0.031191563233733177,0.9818651676177979
26150,20,0.02244136668741703,0.0009068482322618365,0.021534519270062447,1.644609808921814,0.0009206919930875301,0.0009087109938263893,0.032493818551301956,0.9827578067779541
26200,20,0.022013820707798004,0.0008877118234522641,0.02112610824406147,1.6036711931228638,0.000943992636166513,0.0009289541631005704,0.031905122101306915,0.9829873442649841
26250,20,0.021629132330417633,0.0009550274116918445,0.02067410573363304,1.5490468740463257,0.0005912404740229249,0.0005670603713952005,0.03053266741335392,0.9818598031997681
26300,20,0.022161489352583885,0.000983098754659295,0.021178390830755234,1.6321899890899658,0.0006403386360034347,0.0006433375529013574,0.03160611540079117,0.981506884098053
26350,20,0.023139670491218567,0.0009583241771906614,0.022181347012519836,1.5827122926712036,0.0006216836627572775,0.0006110228132456541,0.032285939902067184,0.9834939241409302
26400,20,0.02289511449635029,0.0009548708912916481,0.021940244361758232,1.629001498222351,0.00078010797733441,0.0007859857869334519,0.03260621428489685,0.9813977479934692
26450,20,0.022193392738699913,0.0008923164568841457,0.02130107581615448,1.5427968502044678,0.0006317173829302192,0.0006157031166367233,0.031154798343777657,0.9815217852592468
26500,20,0.022716131061315536,0.0013838289305567741,0.021332303062081337,1.6529717445373535,0.000647389329969883,0.0006310779135674238,0.03225945681333542,0.9824498295783997
26550,20,0.021416684612631798,0.0007995457854121923,0.020617138594388962,1.575861930847168,0.0006894664838910103,0.0006604720838367939,0.030645933002233505,0.981887698173523
26600,20,0.02178172953426838,0.0009736003121361136,0.020808128640055656,1.5278068780899048,0.0009849893394857645,0.0009679083595983684,0.03137366101145744,0.9819412231445312
26650,20,0.021662475541234016,0.0008782088989391923,0.02078426629304886,1.627345085144043,0.0006407131440937519,0.0006133887218311429,0.03105330280959606,0.9817463159561157
26700,20,0.02221595123410225,0.0011143957963213325,0.021101554855704308,1.5332783460617065,0.0006548224482685328,0.0006453258683905005,0.031182492151856422,0.9817636609077454
26750,20,0.020200122147798538,0.0007290737703442574,0.019471049308776855,1.639458417892456,0.0005624828627333045,0.0005605539190582931,0.02952045202255249,0.9829442501068115
26800,20,0.02136394754052162,0.0010475467424839735,0.02031640149652958,1.540841817855835,0.000653304043225944,0.0006449120119214058,0.03036637231707573,0.9818564057350159
26850,20,0.02508638985455036,0.0009424007730558515,0.024143988266587257,1.5797038078308105,0.000824715883936733,0.0007917387410998344,0.0346013642847538,0.9824190139770508
26900,20,0.022273339331150055,0.0009434670209884644,0.02132987231016159,1.5322853326797485,0.0009389255428686738,0.0009293748298659921,0.03180306777358055,0.9821255207061768
26950,20,0.02316546067595482,0.000978766824118793,0.02218669466674328,1.601111888885498,0.000730524305254221,0.0007042675861157477,0.03260581195354462,0.9811727404594421
27000,20,0.023486625403165817,0.0010048423428088427,0.022481782361865044,1.6036254167556763,0.0007518570637330413,0.0007455428130924702,0.03300214931368828,0.9809637069702148
27050,20,0.023008838295936584,0.0011402189265936613,0.021868620067834854,1.6317434310913086,0.0008891270845197141,0.0008510337793268263,0.03290771692991257,0.9818795919418335
27100,20,0.022188687697052956,0.0011835840996354818,0.02100510336458683,1.6590344905853271,0.000767644727602601,0.0007407660013996065,0.03199227154254913,0.9810153841972351
27150,20,0.022150123491883278,0.0009649030980654061,0.021185221150517464,1.63069748878479,0.0006219852948561311,0.0006061274325475097,0.031531721353530884,0.981056272983551
27200,20,0.022880559787154198,0.0008559636771678925,0.022024596109986305,1.521019458770752,0.0007609069580212235,0.0007616243092343211,0.03200818598270416,0.9809750318527222
27250,20,0.023961808532476425,0.0009962627664208412,0.02296554669737816,1.6649115085601807,0.0007021459750831127,0.0006554359570145607,0.033643946051597595,0.9821048974990845
