step,epoch,total,recon,dyn,pred_recon,var,anchor,anchor_pred,a_v,a_omega,state_std,std0,std1,std2,std3
50,1,1.910159707069397,0.6304664015769958,0.002651890739798546,0.6379420757293701,0.0,0.31953859329223633,0.3195607364177704,1.0,1.0,0.47485562413930893,0.2452128678560257,0.24016089737415314,0.6818930506706238,0.7321556806564331
100,1,1.3800551891326904,0.39286160469055176,0.0021908357739448547,0.38845279812812805,0.0,0.2983332872390747,0.2982167601585388,1.0,1.0,0.4714881666004658,0.23597018420696259,0.24648180603981018,0.7171157598495483,0.686384916305542
150,1,1.2925089597702026,0.34392186999320984,0.0018871885258704424,0.33833107352256775,0.0,0.30437278747558594,0.3039960265159607,1.0,1.0,0.46929071843624115,0.23502217233181,0.22842498123645782,0.6953344941139221,0.7183812260627747
200,1,1.2919740676879883,0.3243021070957184,0.0022976151667535305,0.3132491707801819,0.0,0.3262830972671509,0.32584208250045776,1.0,1.0,0.46063826605677605,0.20711469650268555,0.21928702294826508,0.712947428226471,0.7032039165496826
250,1,1.2191693782806396,0.3005991578102112,0.0039921533316373825,0.2881689965724945,0.0,0.31335362792015076,0.31305545568466187,1.0,1.0,0.470100287348032,0.23236998915672302,0.23283319175243378,0.7224117517471313,0.6927862167358398
300,1,1.1506397724151611,0.2861330509185791,0.002913406118750572,0.27000948786735535,0.0,0.2958800792694092,0.2957037687301636,1.0,1.0,0.4637942649424076,0.21776770055294037,0.2219749391078949,0.7118327021598816,0.7036017179489136
350,1,1.1226518154144287,0.26804614067077637,0.003232501447200775,0.2600054144859314,0.0,0.29570096731185913,0.29566675424575806,1.0,1.0,0.4700491912662983,0.2200469821691513,0.24620643258094788,0.69504314661026,0.718900203704834
400,1,1.075943946838379,0.2643883228302002,0.002778120804578066,0.26033270359039307,0.0,0.274170458316803,0.2742743492126465,1.0,1.0,0.47886742278933525,0.2394314855337143,0.2597665786743164,0.702548086643219,0.7137235403060913
450,1,0.9362285137176514,0.2760573625564575,0.00899449922144413,0.26260828971862793,0.0,0.19421060383319855,0.19435784220695496,1.0,1.0,0.49225373566150665,0.2742767930030823,0.2778457999229431,0.7012244462966919,0.7156679034233093
500,1,0.7083333134651184,0.285479336977005,0.010703185573220253,0.2980003356933594,0.0,0.057207584381103516,0.056942906230688095,1.0,1.0,0.5030743181705475,0.30070996284484863,0.2951030135154724,0.7020747065544128,0.714409589767456
550,1,0.5140042304992676,0.23259276151657104,0.009268955327570438,0.23193281888961792,0.0,0.020152941346168518,0.02005678229033947,1.0,1.0,0.499774307012558,0.29555994272232056,0.2907372713088989,0.7101555466651917,0.7026444673538208
600,2,0.4607095420360565,0.21879220008850098,0.0037210702430456877,0.2197428196668625,0.0,0.009259792976081371,0.009193654172122478,1.0,1.0,0.5013930648565292,0.2950969934463501,0.297185480594635,0.6974337697029114,0.7158560156822205
650,2,0.41894543170928955,0.19924362003803253,0.0025003631599247456,0.201665997505188,0.0,0.007804736495018005,0.007730736397206783,1.0,1.0,0.49474093317985535,0.28928589820861816,0.28086966276168823,0.6702570915222168,0.7385510802268982
700,2,0.42136910557746887,0.19919054210186005,0.0035185699816793203,0.20313164591789246,0.0,0.007790496107190847,0.0077378470450639725,1.0,1.0,0.4977601394057274,0.29205071926116943,0.2839474380016327,0.7172909379005432,0.6977514624595642
750,2,0.39751479029655457,0.19035008549690247,0.0024849772453308105,0.1919253170490265,0.0,0.006391758099198341,0.0063626328483223915,1.0,1.0,0.49831563979387283,0.30323120951652527,0.27412497997283936,0.6849362850189209,0.7309700846672058
800,2,0.3865799605846405,0.18602900207042694,0.001953252125531435,0.18837900459766388,0.0,0.00512486370280385,0.005093833431601524,1.0,1.0,0.49131953716278076,0.2770080268383026,0.27447524666786194,0.716645359992981,0.6971495151519775
850,2,0.37099549174308777,0.17755165696144104,0.0018806034931913018,0.18227972090244293,0.0,0.0046654087491333485,0.004618098959326744,1.0,1.0,0.49008017033338547,0.2620779871940613,0.2909000813961029,0.7264280915260315,0.6809145212173462
900,2,0.35399648547172546,0.16994687914848328,0.0015448039630427957,0.17430582642555237,0.0,0.004121799487620592,0.004077178426086903,1.0,1.0,0.4835542216897011,0.2669394612312317,0.25830724835395813,0.7186898589134216,0.6902803182601929
950,2,0.36510011553764343,0.17655374109745026,0.0016806564526632428,0.17894592881202698,0.0,0.0039695147424936295,0.003950264770537615,1.0,1.0,0.49026425927877426,0.27041423320770264,0.27698519825935364,0.7084510326385498,0.705206573009491
1000,2,0.3490758538246155,0.167662113904953,0.0021015945822000504,0.17136722803115845,0.0,0.003982015885412693,0.003962911665439606,1.0,1.0,0.48948515951633453,0.2684411108493805,0.27604761719703674,0.7163544297218323,0.6970974802970886
1050,2,0.3495314419269562,0.16843841969966888,0.0017010304145514965,0.17157024145126343,0.0,0.003920755814760923,0.003900993149727583,1.0,1.0,0.48938579857349396,0.26739516854286194,0.2758162319660187,0.7119863629341125,0.7023454308509827
1100,2,0.33902299404144287,0.16553965210914612,0.0014012905303388834,0.1652364432811737,0.0,0.0034370622597634792,0.003408510470762849,1.0,1.0,0.48115795105695724,0.2593008875846863,0.2563977539539337,0.7093486189842224,0.6995845437049866
1150,3,0.34259817004203796,0.16585783660411835,0.0017215736443176866,0.1690245121717453,0.0,0.003010114189237356,0.0029841135255992413,1.0,1.0,0.4857061505317688,0.26853442192077637,0.25784552097320557,0.713947594165802,0.7024970650672913
1200,3,0.32678377628326416,0.1598309874534607,0.0015510569792240858,0.15931397676467896,0.0,0.003047684673219919,0.0030400699470192194,1.0,1.0,0.48474394530057907,0.2664361298084259,0.2579774260520935,0.7055593729019165,0.7090028524398804
1250,3,0.32355764508247375,0.15970346331596375,0.001307375030592084,0.15705230832099915,0.0,0.0027566230855882168,0.0027378892991691828,1.0,1.0,0.47790590301156044,0.24729622900485992,0.2518407702445984,0.6937394142150879,0.7187471985816956
1300,3,0.3250221014022827,0.15657122433185577,0.0012404711451381445,0.16103316843509674,0.0,0.003100801259279251,0.003076439956203103,1.0,1.0,0.4878579080104828,0.26209449768066406,0.2725523114204407,0.7178029417991638,0.6989818811416626
1350,3,0.31704577803611755,0.1544875055551529,0.0013780966401100159,0.15619529783725739,0.0,0.002504930831491947,0.0024799550883471966,1.0,1.0,0.4835462123155594,0.26726004481315613,0.2540205419063568,0.7070136070251465,0.7058906555175781
1400,3,0.3246051073074341,0.1586170494556427,0.0015273531898856163,0.15833984315395355,0.0,0.0030717267654836178,0.0030491482466459274,1.0,1.0,0.48203057795763016,0.255131334066391,0.2634485960006714,0.7101183533668518,0.6994240283966064
1450,3,0.32244086265563965,0.1567593216896057,0.0010132082970812917,0.1593538522720337,0.0,0.002662409795448184,0.002652035793289542,1.0,1.0,0.4815693274140358,0.2581269145011902,0.25563058257102966,0.7172258496284485,0.6952939629554749
1500,3,0.32446932792663574,0.1581859439611435,0.0011880635283887386,0.16024568676948547,0.0,0.0024362169206142426,0.0024133946280926466,1.0,1.0,0.47666018828749657,0.24311845004558563,0.2505592703819275,0.7184296250343323,0.6945334076881409
1550,3,0.3101159334182739,0.15148812532424927,0.0012404621811583638,0.15309961140155792,0.0,0.0021529244258999825,0.0021347906440496445,1.0,1.0,0.479921892285347,0.2508576214313507,0.25274643301963806,0.6849833726882935,0.7311001420021057
1600,3,0.31306764483451843,0.15243631601333618,0.0013004911597818136,0.15477527678012848,0.0,0.002281277207657695,0.0022742715664207935,1.0,1.0,0.4871957525610924,0.26326602697372437,0.2710699737071991,0.7030465602874756,0.7114004492759705
1650,3,0.3045186400413513,0.1491689682006836,0.0010786985512822866,0.1504729986190796,0.0,0.0019109263084828854,0.001887061633169651,1.0,1.0,0.48221224546432495,0.25689786672592163,0.25792932510375977,0.7050166726112366,0.7090051174163818
1700,4,0.29927965998649597,0.1469477415084839,0.0009326827130280435,0.14782574772834778,0.0,0.0017920846585184336,0.0017814300954341888,1.0,1.0,0.4778856262564659,0.25879597663879395,0.2382088601589203,0.7085974216461182,0.7059402465820312
1750,4,0.2985788881778717,0.14719295501708984,0.0012428821064531803,0.14611107110977173,0.0,0.0020264883060008287,0.002005496993660927,1.0,1.0,0.48045412451028824,0.25634434819221497,0.25539737939834595,0.7036684155464172,0.7064063549041748
1800,4,0.3038671612739563,0.14972665905952454,0.0009997559245675802,0.14935967326164246,0.0,0.001892273547127843,0.0018888033227995038,1.0,1.0,0.4821818955242634,0.26307979226112366,0.24880044162273407,0.7140259742736816,0.7028213739395142
1850,4,0.3015246093273163,0.1481437236070633,0.0008789406856521964,0.1492270529270172,0.0,0.0016420267056673765,0.001632883446291089,1.0,1.0,0.4756295941770077,0.2381332814693451,0.24823082983493805,0.7020121216773987,0.7141421437263489
1900,4,0.29746684432029724,0.1458243727684021,0.001128694973886013,0.147122323513031,0.0,0.0016981008229777217,0.0016933770384639502,1.0,1.0,0.47670264169573784,0.24388599395751953,0.24949143826961517,0.6946887373924255,0.7187443971633911
1950,4,0.2884138524532318,0.1405174285173416,0.000843775924295187,0.14335687458515167,0.0,0.0018476324621587992,0.0018481381703168154,1.0,1.0,0.4785614460706711,0.2579279839992523,0.2442125380039215,0.7198712229728699,0.6922340393066406
2000,4,0.3000180125236511,0.14762184023857117,0.0008292797720059752,0.1473785638809204,0.0,0.0020992138888686895,0.002089108107611537,1.0,1.0,0.4810132756829262,0.2551986277103424,0.2553263306617737,0.7300022840499878,0.6835258603096008
2050,4,0.28526556491851807,0.14045678079128265,0.0010421781335026026,0.14034320414066315,0.0,0.0017139909323304892,0.0017094002105295658,1.0,1.0,0.47688302397727966,0.24555560946464539,0.24719497561454773,0.6852284073829651,0.7295531034469604
2100,4,0.2860073745250702,0.14103612303733826,0.0008486775332130492,0.1407943069934845,0.0,0.0016651988262310624,0.0016630515456199646,1.0,1.0,0.48050984367728233,0.2587353587150574,0.2492809146642685,0.6990974545478821,0.7149256467819214
2150,4,0.2914828658103943,0.14385369420051575,0.0009798083920031786,0.14314879477024078,0.0,0.0017521849367767572,0.0017483956180512905,1.0,1.0,0.4756672531366348,0.2465439736843109,0.25048181414604187,0.7146867513656616,0.6909564733505249
2200,4,0.2839408814907074,0.13902482390403748,0.0009163858485408127,0.1407165378332138,0.0,0.0016341597074642777,0.0016489512054249644,1.0,1.0,0.4850132241845131,0.2747543752193451,0.2508326768875122,0.7272117137908936,0.6872541308403015
2250,5,0.2840334475040436,0.14004430174827576,0.0008955991361290216,0.13951919972896576,0.0,0.0017962395213544369,0.0017781006172299385,1.0,1.0,0.4773343577980995,0.24536675214767456,0.2497311532497406,0.7148234248161316,0.6994161009788513
2300,5,0.29264479875564575,0.14317262172698975,0.0009218874620273709,0.14526428282260895,0.0,0.0016490109264850616,0.0016369879012927413,1.0,1.0,0.4784762039780617,0.24986079335212708,0.2525545358657837,0.6976302862167358,0.7138592004776001
2350,5,0.2768874764442444,0.13647551834583282,0.0009733667830005288,0.13644766807556152,0.0,0.00149627891369164,0.0014946141745895147,1.0,1.0,0.48111217468976974,0.2501172423362732,0.2582675516605377,0.7079110145568848,0.7081528902053833
2400,5,0.27735811471939087,0.13660076260566711,0.0009352660272270441,0.137226402759552,0.0,0.0012983117485418916,0.00129734689835459,1.0,1.0,0.47365737706422806,0.25253620743751526,0.23651182651519775,0.6825512647628784,0.7230302095413208
2450,5,0.27297255396842957,0.1340671181678772,0.0007417242741212249,0.13514770567417145,0.0,0.0015109751839190722,0.0015050381189212203,1.0,1.0,0.4773860350251198,0.25607967376708984,0.24210813641548157,0.7084456086158752,0.7029107213020325
2500,5,0.28021562099456787,0.13810193538665771,0.0009137095767073333,0.1386372148990631,0.0,0.0012837057001888752,0.0012790506007149816,1.0,1.0,0.472089521586895,0.2498476505279541,0.22980555891990662,0.6870425343513489,0.7216623425483704
2550,5,0.26688119769096375,0.13203836977481842,0.000856435508467257,0.13124996423721313,0.0,0.0013639188837260008,0.001372487167827785,1.0,1.0,0.47602806240320206,0.24623845517635345,0.24329827725887299,0.7153252959251404,0.6992502212524414
2600,5,0.2688900828361511,0.13350360095500946,0.0007764178444631398,0.1317874938249588,0.0,0.001413367222994566,0.0014092004857957363,1.0,1.0,0.4759187065064907,0.25150272250175476,0.23815836012363434,0.6904959082603455,0.7235178351402283
2650,5,0.2713896632194519,0.13345086574554443,0.0008067771559581161,0.13451839983463287,0.0,0.0013109645806252956,0.0013026439119130373,1.0,1.0,0.4773363433778286,0.24579565227031708,0.246873676776886,0.7218335866928101,0.6948424577713013
2700,5,0.26995357871055603,0.13176345825195312,0.0007908073021098971,0.13465386629104614,0.0,0.0013761376030743122,0.0013692891225218773,1.0,1.0,0.4754745475947857,0.2492523342370987,0.24262288212776184,0.7092230319976807,0.7007999420166016
2750,5,0.2636951804161072,0.12900948524475098,0.000846068374812603,0.13126535713672638,0.0,0.0012953168479725718,0.0012789323227480054,1.0,1.0,0.47179071605205536,0.23534823954105377,0.2355853170156479,0.6989374756813049,0.7172918319702148
2800,5,0.2611757814884186,0.12782001495361328,0.0007737153209745884,0.1301015019416809,0.0,0.0012382268905639648,0.00124231050722301,1.0,1.0,0.474970780313015,0.23528429865837097,0.2503862977027893,0.6745127439498901,0.7396997809410095
2850,6,0.2704496681690216,0.1325855553150177,0.0008155223913490772,0.13413114845752716,0.0,0.0014620539732277393,0.0014553822111338377,1.0,1.0,0.47766781970858574,0.2492561787366867,0.2453109622001648,0.7216870188713074,0.6944171190261841
2900,6,0.26030606031417847,0.12925687432289124,0.0007221864652819932,0.12779588997364044,0.0,0.0012691760202869773,0.0012619515182450414,1.0,1.0,0.47637203335762024,0.2457371950149536,0.24351918697357178,0.7045442461967468,0.7116875052452087
2950,6,0.26538458466529846,0.13039755821228027,0.00095764035359025,0.13104760646820068,0.0,0.001492599956691265,0.0014891799073666334,1.0,1.0,0.4777842052280903,0.23724393546581268,0.2586648762226105,0.7101995944976807,0.7050284147262573
3000,6,0.267538845539093,0.13120990991592407,0.0008174796239472926,0.1321854293346405,0.0,0.0016634586500003934,0.0016625692369416356,1.0,1.0,0.477441743016243,0.24357184767723083,0.25914230942726135,0.7231935858726501,0.6838592290878296
3050,6,0.2612519860267639,0.12805461883544922,0.0007786061614751816,0.12972579896450043,0.0,0.001347636803984642,0.0013453433057293296,1.0,1.0,0.47381529584527016,0.23899418115615845,0.24193669855594635,0.7002476453781128,0.714082658290863
3100,6,0.26166611909866333,0.12891730666160583,0.0006448744679801166,0.1291889250278473,0.0,0.0014595803804695606,0.0014554541558027267,1.0,1.0,0.4825613647699356,0.2564650774002075,0.2598226070404053,0.6672255396842957,0.746732234954834
3150,6,0.2668369710445404,0.13145670294761658,0.0007000025943852961,0.13212871551513672,0.0,0.0012725868728011847,0.0012789582833647728,1.0,1.0,0.4808703884482384,0.25050532817840576,0.25729843974113464,0.6804167032241821,0.735261082649231
3200,6,0.25442957878112793,0.12665510177612305,0.0006803629803471267,0.12472078204154968,0.0,0.0011841852683573961,0.001189137576147914,1.0,1.0,0.4756356067955494,0.24322140216827393,0.24722643196582794,0.7140371203422546,0.6980574727058411
3250,6,0.255763441324234,0.12657740712165833,0.0006445487379096448,0.12593518197536469,0.0,0.001304972916841507,0.0013013173593208194,1.0,1.0,0.47661426290869713,0.24238286912441254,0.249497652053833,0.6935350894927979,0.7210414409637451
3300,6,0.25243064761161804,0.12481354176998138,0.000735568581148982,0.1247151643037796,0.0,0.0010839225724339485,0.0010824506171047688,1.0,1.0,0.47535401955246925,0.241458460688591,0.2446688711643219,0.6923770904541016,0.7229116559028625
3350,6,0.2597607374191284,0.12767396867275238,0.0005745307425968349,0.12896257638931274,0.0,0.001271374523639679,0.0012782695703208447,1.0,1.0,0.4832795262336731,0.252899706363678,0.2648774981498718,0.697401225566864,0.7179396748542786
3400,7,0.249725803732872,0.12303297221660614,0.0007735644467175007,0.12329399585723877,0.0,0.0013119992800056934,0.001313268207013607,1.0,1.0,0.47567443177103996,0.24076268076896667,0.24629183113574982,0.7051947712898254,0.7104484438896179
3450,7,0.24986785650253296,0.12266145646572113,0.0006199136842042208,0.12407104671001434,0.0,0.0012486431514844298,0.0012667970731854439,1.0,1.0,0.48199014365673065,0.2506033182144165,0.26124364137649536,0.717302680015564,0.6988109350204468
3500,7,0.2522377073764801,0.12361596524715424,0.0006853735540062189,0.12553532421588898,0.0,0.001203661086037755,0.001197402598336339,1.0,1.0,0.47811661288142204,0.2475556582212448,0.2515605092048645,0.7132915258407593,0.7000587582588196
3550,7,0.24878709018230438,0.12162651121616364,0.0006468319916166365,0.12372172623872757,0.0,0.0013938762713223696,0.0013981414958834648,1.0,1.0,0.4791044034063816,0.2534694969654083,0.2488650530576706,0.7092629671096802,0.7048200964927673
3600,7,0.246543288230896,0.1202046349644661,0.0007865009247325361,0.12293687462806702,0.0,0.0013061272911727428,0.0013091483851894736,1.0,1.0,0.47595882415771484,0.23985950648784637,0.2479279786348343,0.7310066223144531,0.6850411891937256
3650,7,0.24430222809314728,0.11913172900676727,0.0007863340433686972,0.12145351618528366,0.0,0.0014674225822091103,0.0014632297679781914,1.0,1.0,0.47902432456612587,0.24849219620227814,0.2511918544769287,0.723112165927887,0.6933010816574097
3700,7,0.25379377603530884,0.1251339614391327,0.0005834614858031273,0.12542341649532318,0.0,0.0013313624076545238,0.0013215969083830714,1.0,1.0,0.4801529683172703,0.24366076290607452,0.2638852000236511,0.7014050483703613,0.7116608619689941
3750,7,0.24708005785942078,0.12239930033683777,0.0005636040586978197,0.1214570701122284,0.0,0.001325352699495852,0.0013347332132980227,1.0,1.0,0.48393023014068604,0.2685348391532898,0.2516261339187622,0.6910229921340942,0.7245369553565979
3800,7,0.24376589059829712,0.11767661571502686,0.0006773577770218253,0.12293414026498795,0.0,0.001236944692209363,0.0012408408802002668,1.0,1.0,0.47854986786842346,0.25022149085998535,0.2547459006309509,0.6849976181983948,0.7242344617843628
3850,7,0.25101280212402344,0.1224922463297844,0.0006280055968090892,0.12454962730407715,0.0,0.0016746156616136432,0.0016683154972270131,1.0,1.0,0.4820198751986027,0.24918662011623383,0.26248839497566223,0.6969408988952637,0.719463586807251
3900,7,0.24783876538276672,0.12155168503522873,0.0005648104706779122,0.12321937084197998,0.0,0.0012517805444076657,0.0012511046370491385,1.0,1.0,0.48076561838388443,0.2625129520893097,0.24933654069900513,0.7415866851806641,0.6696262955665588
3950,8,0.23667006194591522,0.11632825434207916,0.0006810358609072864,0.11710089445114136,0.0,0.001272583263926208,0.0012873008381575346,1.0,1.0,0.4793367385864258,0.25675690174102783,0.24390745162963867,0.7136006355285645,0.7030819654464722
4000,8,0.24126090109348297,0.11831533908843994,0.0007061195792630315,0.11955691128969193,0.0,0.001340770861133933,0.0013417501468211412,1.0,1.0,0.47794557735323906,0.24616311490535736,0.2501923441886902,0.7213066220283508,0.6941202282905579
4050,8,0.23784279823303223,0.11591686308383942,0.0007697102264501154,0.11865486204624176,0.0,0.001249995781108737,0.0012513678520917892,1.0,1.0,0.48116224631667137,0.24555112421512604,0.2651588022708893,0.7019681334495544,0.7119709253311157
4100,8,0.23863749206066132,0.11825761944055557,0.0005588700878433883,0.11735828220844269,0.0,0.0012309011071920395,0.0012318333610892296,1.0,1.0,0.47311433777213097,0.24512505531311035,0.23952315747737885,0.7041618227958679,0.7036473155021667
4150,8,0.2376059591770172,0.11625019460916519,0.0006575998268090189,0.11799900233745575,0.0,0.0013489890843629837,0.0013501718640327454,1.0,1.0,0.4753550887107849,0.24884147942066193,0.2395535558462143,0.7168360948562622,0.6961892247200012
4200,8,0.2394171953201294,0.11605759710073471,0.000630911672487855,0.12018755078315735,0.0,0.0012719667283818126,0.0012691608862951398,1.0,1.0,0.4766032285988331,0.2552473843097687,0.24325411021709442,0.7183331847190857,0.6895782351493835
4250,8,0.23468321561813354,0.11597362160682678,0.0006511551328003407,0.11555797606706619,0.0,0.001251446665264666,0.0012490202207118273,1.0,1.0,0.47519177198410034,0.2387683391571045,0.24972456693649292,0.7365832924842834,0.6756908893585205
4300,8,0.23636557161808014,0.11590133607387543,0.0005770167917944491,0.11721253395080566,0.0,0.001336490036919713,0.0013381914468482137,1.0,1.0,0.47869233787059784,0.24260380864143372,0.25625595450401306,0.7053133845329285,0.7105962038040161
4350,8,0.23782555758953094,0.1177230179309845,0.0006410471396520734,0.11690260469913483,0.0,0.001278925919905305,0.0012799687683582306,1.0,1.0,0.4806981645524502,0.2496502548456192,0.25811663269996643,0.696384072303772,0.7186416983604431
4400,8,0.22901292145252228,0.1131933331489563,0.0005810554139316082,0.11258117854595184,0.0,0.0013186426367610693,0.0013386982027441263,1.0,1.0,0.4822349399328232,0.25718969106674194,0.25734221935272217,0.7041599154472351,0.7102479338645935
4450,8,0.22713056206703186,0.11006095260381699,0.0005749193369410932,0.11374560743570328,0.0,0.0013693724758923054,0.001379708875901997,1.0,1.0,0.4779342710971832,0.2517046630382538,0.25287190079689026,0.731718897819519,0.6754416227340698
4500,9,0.23566150665283203,0.11507859081029892,0.0005820991354994476,0.11768036335706711,0.0,0.00115471170283854,0.001165751600638032,1.0,1.0,0.4783974662423134,0.24491342902183533,0.2571604251861572,0.6912434697151184,0.7202725410461426
4550,9,0.23487675189971924,0.1147930920124054,0.0007060430361889303,0.11705164611339569,0.0,0.001157047227025032,0.0011689389357343316,1.0,1.0,0.48091040551662445,0.2634318768978119,0.2451532781124115,0.729458212852478,0.6855982542037964
4600,9,0.2384641319513321,0.11676982790231705,0.0004996184725314379,0.11846566945314407,0.0,0.0013660313561558723,0.0013629768509417772,1.0,1.0,0.48134342581033707,0.2486700415611267,0.26080742478370667,0.703644335269928,0.7122519016265869
4650,9,0.237139031291008,0.11573949456214905,0.0004999891389161348,0.1179298684000969,0.0,0.0014786601532250643,0.0014910197351127863,1.0,1.0,0.4879648834466934,0.27145296335220337,0.2648649215698242,0.733422040939331,0.682119607925415
4700,9,0.23078329861164093,0.1127014234662056,0.0006597290048375726,0.1148563101887703,0.0,0.0012833351502195,0.0012825201265513897,1.0,1.0,0.48041199147701263,0.2547510266304016,0.253714382648468,0.7042007446289062,0.7089818120002747
4750,9,0.22716830670833588,0.11127516627311707,0.0005776863545179367,0.11323708295822144,0.0,0.001037966925650835,0.0010403927881270647,1.0,1.0,0.4789572097361088,0.24660925567150116,0.2532712519168854,0.7239649295806885,0.6919834017753601
4800,9,0.2315887063741684,0.11311322450637817,0.0007131074671633542,0.11486650258302689,0.0,0.0014439125079661608,0.001451962161809206,1.0,1.0,0.48296598345041275,0.26496806740760803,0.25584864616394043,0.714674711227417,0.6963725090026855
4850,9,0.22719259560108185,0.1117512509226799,0.0006170683773234487,0.11260859668254852,0.0,0.0011013821931555867,0.001114284386858344,1.0,1.0,0.47614213079214096,0.23908770084381104,0.2529723346233368,0.7096741795539856,0.7028343081474304
4900,9,0.23132500052452087,0.11454344540834427,0.0006301376270130277,0.11379082500934601,0.0,0.0011791668366640806,0.0011814129538834095,1.0,1.0,0.47661254927515984,0.24198053777217865,0.25221145153045654,0.7142292261123657,0.6980289816856384
4950,9,0.22609925270080566,0.10964955389499664,0.000530160847119987,0.11345916986465454,0.0,0.001221347483806312,0.0012390227057039738,1.0,1.0,0.4802212491631508,0.25142744183540344,0.25700443983078003,0.7524232864379883,0.6600298285484314
5000,9,0.22211940586566925,0.10916174948215485,0.0005359738133847713,0.11000004410743713,0.0,0.001208844012580812,0.0012127913068979979,1.0,1.0,0.47759760171175003,0.24548548460006714,0.25217851996421814,0.6807697415351868,0.7319566607475281
5050,10,0.22550171613693237,0.11059916019439697,0.0005605148617178202,0.1118328794836998,0.0,0.001252081012353301,0.0012570708058774471,1.0,1.0,0.4854661524295807,0.25817105174064636,0.26859501004219055,0.723750650882721,0.6913478970527649
5100,10,0.22712622582912445,0.11022679507732391,0.000613722309935838,0.11334390938282013,0.0,0.0014658160507678986,0.0014759933110326529,1.0,1.0,0.4867037236690521,0.26218900084495544,0.27030840516090393,0.7426959872245789,0.6716215014457703
5150,10,0.22134515643119812,0.10924962162971497,0.0005459819221869111,0.1089993566274643,0.0,0.0012717463541775942,0.0012784586288034916,1.0,1.0,0.4847051873803139,0.25094613432884216,0.2713325619697571,0.7107853293418884,0.7057567238807678
5200,10,0.22059214115142822,0.10721207410097122,0.0005765105597674847,0.11054039001464844,0.0,0.0011241137981414795,0.0011390422005206347,1.0,1.0,0.47874218598008156,0.2550477683544159,0.24427859485149384,0.7319787740707397,0.6836636066436768
5250,10,0.2223772555589676,0.10809177160263062,0.000502978335134685,0.11135181784629822,0.0,0.001212649280205369,0.0012180318590253592,1.0,1.0,0.4804171323776245,0.2519587278366089,0.254056453704834,0.7188049554824829,0.6968483924865723
5300,10,0.2174334079027176,0.1058725044131279,0.0005480160471051931,0.10880569368600845,0.0,0.0011021855752915144,0.0011050233151763678,1.0,1.0,0.4767708368599415,0.24872428178787231,0.24163849651813507,0.6994877457618713,0.7172328233718872
5350,10,0.21640370786190033,0.10619977116584778,0.0006324594141915441,0.10696564614772797,0.0,0.0012936892453581095,0.001312144799157977,1.0,1.0,0.4772544987499714,0.2402067929506302,0.2544976472854614,0.6918755173683167,0.7224380373954773
5400,10,0.22371341288089752,0.10986306518316269,0.0006216050824150443,0.11084035038948059,0.0,0.0011969117913395166,0.0011914964998140931,1.0,1.0,0.4807999059557915,0.25591710209846497,0.25108230113983154,0.7162887454032898,0.6999114751815796
5450,10,0.21991007030010223,0.10767897218465805,0.0005756434402428567,0.10886102169752121,0.0,0.0013963819947093725,0.0013980432413518429,1.0,1.0,0.4809631034731865,0.2491796910762787,0.25899332761764526,0.7181708216667175,0.6975085735321045
5500,10,0.21250607073307037,0.10419955849647522,0.0005215476267039776,0.10540022701025009,0.0,0.0011952794156968594,0.0011894524795934558,1.0,1.0,0.4747736155986786,0.2405775785446167,0.24625259637832642,0.70652836561203,0.7057359218597412
5550,10,0.21370983123779297,0.10480283200740814,0.0005887357983738184,0.10549019277095795,0.0,0.001402608584612608,0.0014254602137953043,1.0,1.0,0.48066186904907227,0.2544713616371155,0.25608378648757935,0.6879485845565796,0.7241437435150146
5600,10,0.21517138183116913,0.10449880361557007,0.0006324531277641654,0.10761409997940063,0.0,0.0012084862682968378,0.0012175417505204678,1.0,1.0,0.47620848566293716,0.25318968296051025,0.2563129961490631,0.7252570986747742,0.6700741648674011
5650,11,0.21284087002277374,0.10541854798793793,0.000630631111562252,0.10462069511413574,0.0,0.0010807227808982134,0.0010902773356065154,1.0,1.0,0.47938714548945427,0.2550881505012512,0.24687860906124115,0.6924508213996887,0.723131000995636
5700,11,0.2115159034729004,0.10458389669656754,0.0005091050988994539,0.10413733124732971,0.0,0.0011419560760259628,0.0011436128988862038,1.0,1.0,0.47632572799921036,0.24738220870494843,0.24496643245220184,0.6896629333496094,0.7232913374900818
5750,11,0.21682573854923248,0.10678595304489136,0.0005599523428827524,0.1073191910982132,0.0,0.0010815198766067624,0.00107910530641675,1.0,1.0,0.47460435703396797,0.2508183717727661,0.23800219595432281,0.6851680874824524,0.7244287729263306
5800,11,0.2120530605316162,0.10426673293113708,0.0005805650725960732,0.10485121607780457,0.0,0.0011699360329657793,0.001184605062007904,1.0,1.0,0.4833829179406166,0.2597896158695221,0.2622917890548706,0.7130981683731079,0.6983520984649658
5850,11,0.20648592710494995,0.1005903035402298,0.0005404233234003186,0.10321585834026337,0.0,0.001068665413185954,0.0010706735774874687,1.0,1.0,0.47700053825974464,0.24658814072608948,0.24489270150661469,0.7004431486129761,0.7160781621932983
5900,11,0.2053467333316803,0.1002829372882843,0.0005252098781056702,0.10254006087779999,0.0,0.0010017596650868654,0.0009967678925022483,1.0,1.0,0.4706437587738037,0.23324251174926758,0.23681390285491943,0.7324804067611694,0.6800382137298584
5950,11,0.21403852105140686,0.10301721841096878,0.0005759040359407663,0.10799435526132584,0.0,0.0012294093612581491,0.0012216250179335475,1.0,1.0,0.4789300188422203,0.2488689422607422,0.2573568522930145,0.6926083564758301,0.7168859243392944
6000,11,0.21371126174926758,0.10558269172906876,0.0005845774430781603,0.10509989410638809,0.0,0.001222314778715372,0.0012217697221785784,1.0,1.0,0.4801749140024185,0.25325778126716614,0.25547370314598083,0.6565567255020142,0.7554114460945129
6050,11,0.21245567500591278,0.1039796695113182,0.0004982197424396873,0.10581188648939133,0.0,0.001083367969840765,0.0010825220961123705,1.0,1.0,0.4790133312344551,0.2579253613948822,0.24134331941604614,0.7127494812011719,0.7040351629257202
6100,11,0.21624018251895905,0.10738669335842133,0.0005811004666611552,0.10579100251197815,0.0,0.0012444807216525078,0.0012368934694677591,1.0,1.0,0.48136603832244873,0.24696773290634155,0.2615581750869751,0.7066388130187988,0.7102994322776794
6150,11,0.21239715814590454,0.10410168766975403,0.0005400922382250428,0.10536222904920578,0.0,0.0011910527246072888,0.001202108571305871,1.0,1.0,0.4799143746495247,0.25474902987480164,0.2508798837661743,0.7111144065856934,0.7029141783714294
6200,12,0.20543716847896576,0.10231555253267288,0.0005981777794659138,0.09984822571277618,0.0,0.00133302784524858,0.0013421887997537851,1.0,1.0,0.47944673523306847,0.25842323899269104,0.24290038645267487,0.7188441157341003,0.6976191997528076
6250,12,0.20580649375915527,0.10097347944974899,0.0005069297621957958,0.10198920965194702,0.0,0.0011618449352681637,0.0011750333942472935,1.0,1.0,0.4820803888142109,0.2469445914030075,0.26737722754478455,0.7281217575073242,0.6858779788017273
6300,12,0.2094278484582901,0.1035149097442627,0.0005618783179670572,0.10277609527111053,0.0,0.0012859356356784701,0.0012890180805698037,1.0,1.0,0.4823185056447983,0.25181257724761963,0.2633887529373169,0.7137899398803711,0.7002827525138855
6350,12,0.2000858634710312,0.09807776659727097,0.0005151317454874516,0.099154531955719,0.0,0.0011672800173982978,0.0011711451224982738,1.0,1.0,0.47698577865958214,0.23622633516788483,0.25835391879081726,0.7213835716247559,0.6919792890548706
6400,12,0.20811966061592102,0.1022285595536232,0.000581267406232655,0.10246723890304565,0.0,0.0014133480144664645,0.0014292546547949314,1.0,1.0,0.48141728714108467,0.2598395049571991,0.2499655932188034,0.7150170207023621,0.7008470296859741
6450,12,0.21202005445957184,0.10272343456745148,0.0005352995358407497,0.1060873419046402,0.0,0.0013320937287062407,0.0013418755261227489,1.0,1.0,0.482590988278389,0.26276668906211853,0.25765642523765564,0.6905911564826965,0.7193496823310852
6500,12,0.20184749364852905,0.0981123223900795,0.0004575798229780048,0.10112661123275757,0.0,0.0010742046870291233,0.0010767721105366945,1.0,1.0,0.4814198613166809,0.2548486292362213,0.2562512457370758,0.6930192708969116,0.7215602993965149
6550,12,0.20683835446834564,0.10100432485342026,0.0005398172652348876,0.10287307947874069,0.0,0.0012073793914169073,0.0012137372978031635,1.0,1.0,0.4810294769704342,0.2478981763124466,0.2597152888774872,0.7099310755729675,0.7065733671188354
6600,12,0.20306359231472015,0.09825610369443893,0.0005276764859445393,0.10174936056137085,0.0,0.0012574743013828993,0.001272964058443904,1.0,1.0,0.4867294281721115,0.2608620524406433,0.2696249485015869,0.6995460987091064,0.7168846130371094
6650,12,0.20710806548595428,0.10193993896245956,0.0005685182986781001,0.10239828377962112,0.0,0.0011016640346497297,0.0010996735654771328,1.0,1.0,0.4783315286040306,0.2530837655067444,0.24554070830345154,0.699651300907135,0.7150503396987915
6700,12,0.2059580236673355,0.09995703399181366,0.0006053379620425403,0.10304374247789383,0.0,0.001173646654933691,0.0011782714864239097,1.0,1.0,0.4794298782944679,0.26791155338287354,0.2385179102420807,0.699351966381073,0.7119380831718445
6750,13,0.2021181881427765,0.0967719629406929,0.0005201378371566534,0.10233375430107117,0.0,0.0012414728989824653,0.0012508570216596127,1.0,1.0,0.47922074794769287,0.2545163035392761,0.2513086795806885,0.6695926785469055,0.7414653301239014
6800,13,0.2004077285528183,0.09726900607347488,0.0005180607549846172,0.1002718135714531,0.0,0.0011729301186278462,0.0011759293265640736,1.0,1.0,0.4805162064731121,0.24863721430301666,0.26194384694099426,0.7344942688941956,0.6769894957542419
6850,13,0.19934819638729095,0.09757556021213531,0.0005311936838552356,0.09872414171695709,0.0,0.001254135393537581,0.0012631507124751806,1.0,1.0,0.47714557871222496,0.2414143830537796,0.25712212920188904,0.7016422152519226,0.7084035873413086
6900,13,0.1995103806257248,0.09736870229244232,0.0005717008025385439,0.09910021722316742,0.0,0.0012278840877115726,0.0012418783735483885,1.0,1.0,0.479144174605608,0.24750645458698273,0.2617976665496826,0.697498083114624,0.7097744941711426
6950,13,0.19878986477851868,0.09809865057468414,0.0005846343119628727,0.09759174287319183,0.0,0.0012538969749584794,0.001260936725884676,1.0,1.0,0.47722306847572327,0.2397528886795044,0.26253026723861694,0.7157282829284668,0.6908808350563049
7000,13,0.19698761403560638,0.09590822458267212,0.0005180985317565501,0.09818227589130402,0.0,0.001188434660434723,0.0011905909050256014,1.0,1.0,0.48174743726849556,0.24811093509197235,0.26287540793418884,0.7319847941398621,0.684018611907959
7050,13,0.1966249942779541,0.09669502079486847,0.0005141642177477479,0.09738611429929733,0.0,0.0010120421648025513,0.001017639646306634,1.0,1.0,0.48034168779850006,0.2601235508918762,0.24547457695007324,0.7224268913269043,0.6933417320251465
7100,13,0.1967756599187851,0.09618521481752396,0.0005041230469942093,0.09802525490522385,0.0,0.001023037824779749,0.0010380224557593465,1.0,1.0,0.48035603761672974,0.2594771981239319,0.24540281295776367,0.7164009809494019,0.7001431584358215
7150,13,0.19359807670116425,0.0938524454832077,0.0004351616953499615,0.0969906598329544,0.0,0.0011522496351972222,0.001167569076642394,1.0,1.0,0.479695837944746,0.24946047365665436,0.25285014510154724,0.7195360064506531,0.6969367265701294
7200,13,0.19564029574394226,0.0967123731970787,0.0004748501523863524,0.09652983397245407,0.0,0.0009637749753892422,0.0009594563744030893,1.0,1.0,0.4745657294988632,0.24412304162979126,0.2378332018852234,0.7193130850791931,0.6969935894012451
7250,13,0.19991005957126617,0.09818120300769806,0.0005567491753026843,0.0987229272723198,0.0,0.001218114048242569,0.0012310612946748734,1.0,1.0,0.4823487773537636,0.2644982635974884,0.2521411180496216,0.7209997177124023,0.691756010055542
7300,14,0.19410882890224457,0.09588950872421265,0.0004992940812371671,0.09553579986095428,0.0,0.0010905035305768251,0.0010937240440398455,1.0,1.0,0.4803911857306957,0.24649544060230255,0.2605016529560089,0.7247498035430908,0.6898178458213806
7350,14,0.19264529645442963,0.09334241598844528,0.0004900071071460843,0.09642989188432693,0.0,0.0011877669021487236,0.001195212360471487,1.0,1.0,0.4777534157037735,0.2538410425186157,0.243557870388031,0.7373406887054443,0.6762740612030029
7400,14,0.2001226246356964,0.0970320999622345,0.0005490127950906754,0.10016364604234695,0.0,0.0011920530814677477,0.0011858221841976047,1.0,1.0,0.4822767749428749,0.2586067020893097,0.2540503740310669,0.7028056383132935,0.7136443853378296
7450,14,0.19630825519561768,0.09473452717065811,0.0005291028646752238,0.09865881502628326,0.0,0.0011906770523637533,0.001195129589177668,1.0,1.0,0.48032834008336067,0.2499900609254837,0.25552088022232056,0.7317019701004028,0.6841004490852356
7500,14,0.19752025604248047,0.09785451740026474,0.0005495510995388031,0.09697222709655762,0.0,0.0010758817661553621,0.0010680834529921412,1.0,1.0,0.4789610095322132,0.24975155293941498,0.25079146027565,0.7231085300445557,0.6921924948692322
7550,14,0.19303444027900696,0.09374929219484329,0.0005388743011280894,0.09611161798238754,0.0,0.0013155936030671,0.0013190638273954391,1.0,1.0,0.4810485690832138,0.25300806760787964,0.26321685314178467,0.7572274208068848,0.6507419347763062
7600,14,0.1954685002565384,0.09530177712440491,0.0005700363544747233,0.09697528183460236,0.0,0.00130143400747329,0.0013199583627283573,1.0,1.0,0.48568591475486755,0.2691396474838257,0.26059532165527344,0.6745486259460449,0.7384600639343262
7650,14,0.18896576762199402,0.09150099754333496,0.0005211324896663427,0.09472862631082535,0.0,0.001110621029511094,0.0011043909471482038,1.0,1.0,0.47744351625442505,0.24816791713237762,0.24669374525547028,0.7059745788574219,0.7089378237724304
7700,14,0.19261303544044495,0.09403973817825317,0.0005597955314442515,0.09567133337259293,0.0,0.0011663712793961167,0.0011757935862988234,1.0,1.0,0.48094871640205383,0.2657031714916229,0.24423345923423767,0.7160190939903259,0.6978391408920288
7750,14,0.18918095529079437,0.0917101725935936,0.0005777458427473903,0.0946713387966156,0.0,0.0011075870133936405,0.0011141017312183976,1.0,1.0,0.4756709970533848,0.24732370674610138,0.24045413732528687,0.7173986434936523,0.6975075006484985
7800,14,0.1930471956729889,0.09372053295373917,0.0005064292345196009,0.0961078554391861,0.0,0.0013554453616961837,0.0013569319853559136,1.0,1.0,0.47588973864912987,0.25571581721305847,0.24193163216114044,0.7107977867126465,0.6951137185096741
7850,14,0.19007232785224915,0.09306526929140091,0.0004767148056998849,0.09438199549913406,0.0,0.0010779969161376357,0.0010703520383685827,1.0,1.0,0.4775286205112934,0.2453041523694992,0.2514771521091461,0.7059568762779236,0.7073763012886047
7900,15,0.18986815214157104,0.0926755741238594,0.0005544318701140583,0.09426931291818619,0.0,0.0011848353315144777,0.0011840062215924263,1.0,1.0,0.4804847911000252,0.2535043954849243,0.25430235266685486,0.6969652771949768,0.7171671390533447
7950,15,0.19152919948101044,0.09385044872760773,0.0005664852797053754,0.09465344995260239,0.0,0.001228082925081253,0.0012307397555559874,1.0,1.0,0.4798808768391609,0.24277427792549133,0.2610486149787903,0.6899164915084839,0.7257841229438782
8000,15,0.19091126322746277,0.09492833912372589,0.00048359218635596335,0.093592070043087,0.0,0.0009509035153314471,0.0009563550702296197,1.0,1.0,0.4786512181162834,0.2567189931869507,0.2466106116771698,0.7410033345222473,0.6702719330787659
8050,15,0.20013836026191711,0.09883301705121994,0.0005385839031077921,0.09792441129684448,0.0,0.0014227626379579306,0.0014195750700309873,1.0,1.0,0.4823167845606804,0.25489524006843567,0.2614833116531372,0.7236162424087524,0.6892723441123962
8100,15,0.19138756394386292,0.09332793205976486,0.0004662348364945501,0.09547039121389389,0.0,0.001063516829162836,0.0010594844352453947,1.0,1.0,0.4765857420861721,0.25655877590179443,0.235748752951622,0.7181134819984436,0.6959219574928284
8150,15,0.18057800829410553,0.08826704323291779,0.00047610531328246,0.08989129960536957,0.0,0.00097438640659675,0.0009691756567917764,1.0,1.0,0.47458480298519135,0.2445874959230423,0.23891882598400116,0.7149783372879028,0.6998545527458191
8200,15,0.1937374472618103,0.09540487825870514,0.0005173627287149429,0.09517211467027664,0.0,0.0013205264694988728,0.0013225727016106248,1.0,1.0,0.4802655689418316,0.25706353783607483,0.24917419254779816,0.6974169015884399,0.7174076437950134
8250,15,0.1863359659910202,0.09138273447751999,0.00056328100617975,0.09188906103372574,0.0,0.0012426646426320076,0.0012582294875755906,1.0,1.0,0.47922125831246376,0.24590586125850677,0.25631096959114075,0.6825596690177917,0.7321085333824158
8300,15,0.19015727937221527,0.09385449439287186,0.0005428680451586843,0.09365415573120117,0.0,0.0010493762092664838,0.0010563821997493505,1.0,1.0,0.4801293686032295,0.25429534912109375,0.2503775656223297,0.7350866794586182,0.6807578802108765
8350,15,0.18333454430103302,0.09083305299282074,0.00041268530185334384,0.09001998603343964,0.0,0.001033384120091796,0.001035436405800283,1.0,1.0,0.47706514596939087,0.2503286302089691,0.2430366575717926,0.6908522844314575,0.7240430116653442
8400,15,0.191785529255867,0.09268952161073685,0.00054619659204036,0.09621083736419678,0.0,0.0011687008664011955,0.0011702764313668013,1.0,1.0,0.48509128391742706,0.2579165995121002,0.26579317450523376,0.7058624029159546,0.7107929587364197
8450,16,0.18585923314094543,0.09044627100229263,0.0005239679594524205,0.09264678508043289,0.0,0.0011170695070177317,0.0011251375544816256,1.0,1.0,0.4810865446925163,0.2576296925544739,0.2512570917606354,0.7021172642707825,0.7133421301841736
8500,16,0.18428318202495575,0.09073158353567123,0.00042908996692858636,0.09137403964996338,0.0,0.000872756470926106,0.0008757055038586259,1.0,1.0,0.4740833230316639,0.23427070677280426,0.24887365102767944,0.7250653505325317,0.6881235837936401
8550,16,0.1849597990512848,0.09026546031236649,0.0004792060353793204,0.09197144210338593,0.0,0.001123207388445735,0.0011204942129552364,1.0,1.0,0.47696778178215027,0.2493908405303955,0.24196594953536987,0.7171698212623596,0.6993445158004761
8600,16,0.1834772676229477,0.09164974838495255,0.0005301930941641331,0.08933065831661224,0.0,0.0009786826558411121,0.0009879942517727613,1.0,1.0,0.4766031615436077,0.2477826327085495,0.2503616213798523,0.7142829895019531,0.6939854025840759
8650,16,0.183826744556427,0.08980013430118561,0.00048092121141962707,0.09106206893920898,0.0,0.0012338586384430528,0.0012497538700699806,1.0,1.0,0.4781847782433033,0.24572016298770905,0.25928646326065063,0.6936072707176208,0.7141252160072327
8700,16,0.17872333526611328,0.0884549468755722,0.0005158482817932963,0.08760885894298553,0.0,0.0010681268759071827,0.001075550215318799,1.0,1.0,0.47889548540115356,0.25036758184432983,0.24933570623397827,0.7237875461578369,0.6920911073684692
8750,16,0.1821419596672058,0.08998578786849976,0.0005836844211444259,0.08943536132574081,0.0,0.0010676271049305797,0.0010695073287934065,1.0,1.0,0.47820331156253815,0.2454184889793396,0.2511998414993286,0.7212048768997192,0.6949900388717651
8800,16,0.18993881344795227,0.09259845316410065,0.0005709599936380982,0.09471200406551361,0.0,0.0010271440260112286,0.0010302625596523285,1.0,1.0,0.480400025844574,0.2487032115459442,0.2593849003314972,0.6929463744163513,0.7205656170845032
8850,16,0.18545615673065186,0.09047423303127289,0.0005210348172113299,0.09200473129749298,0.0,0.0012275076005607843,0.0012286478886380792,1.0,1.0,0.48214051872491837,0.25408515334129333,0.2595112919807434,0.7193098664283752,0.6956557631492615
8900,16,0.1813311129808426,0.08899562060832977,0.00043414835818111897,0.0897071436047554,0.0,0.0010915324091911316,0.001102674170397222,1.0,1.0,0.4812011197209358,0.2529715299606323,0.25606831908226013,0.693726658821106,0.7220379710197449
8950,16,0.1836937963962555,0.08924952894449234,0.0005075123626738787,0.09182853251695633,0.0,0.001047321711666882,0.0010608837474137545,1.0,1.0,0.4831477552652359,0.26006820797920227,0.2582365572452545,0.708507239818573,0.7057790160179138
9000,17,0.1813177764415741,0.0876823365688324,0.00047866470413282514,0.09123478829860687,0.0,0.0009565716027282178,0.0009654108434915543,1.0,1.0,0.4777866452932358,0.24227628111839294,0.2535776197910309,0.7224159240722656,0.6928767561912537
9050,17,0.17895042896270752,0.0871589332818985,0.0005593954119831324,0.08887974172830582,0.0,0.0011732736602425575,0.0011790809221565723,1.0,1.0,0.4785179942846298,0.2486787736415863,0.2518980801105499,0.7189144492149353,0.6945806741714478
9100,17,0.18326224386692047,0.0894489586353302,0.0004568789736367762,0.09125998616218567,0.0,0.001045621233060956,0.001050820341333747,1.0,1.0,0.48226194083690643,0.2520853579044342,0.26320311427116394,0.726523220539093,0.6872360706329346
9150,17,0.18325048685073853,0.08912229537963867,0.0004932585870847106,0.09139380604028702,0.0,0.0011198308784514666,0.001121291657909751,1.0,1.0,0.4813952371478081,0.25028491020202637,0.25871095061302185,0.7225560545921326,0.6940290331840515
9200,17,0.17943856120109558,0.08662612736225128,0.0004658291582018137,0.09046293795108795,0.0,0.0009426930919289589,0.0009409616468474269,1.0,1.0,0.47844797745347023,0.24643243849277496,0.25165027379989624,0.7042227387428284,0.7114864587783813
9250,17,0.17769722640514374,0.08630654960870743,0.0005175146507099271,0.0886722281575203,0.0,0.0010994576150551438,0.0011014747433364391,1.0,1.0,0.4793926365673542,0.24453462660312653,0.26043522357940674,0.712783932685852,0.6998167634010315
9300,17,0.18226595222949982,0.09017772972583771,0.00041027116822078824,0.08949863165616989,0.0,0.0010946530383080244,0.0010846557561308146,1.0,1.0,0.4789130203425884,0.25520116090774536,0.2450382560491562,0.7056306600570679,0.7097820043563843
9350,17,0.1788373440504074,0.08700300008058548,0.00047174247447401285,0.08940744400024414,0.0,0.0009707919089123607,0.0009843769948929548,1.0,1.0,0.478310689330101,0.25225573778152466,0.2531270980834961,0.6992998719215393,0.708560049533844
9400,17,0.1792047917842865,0.0887419730424881,0.0004074324679095298,0.08822184801101685,0.0,0.0009153150022029877,0.0009182028006762266,1.0,1.0,0.48171669989824295,0.25772160291671753,0.2528013288974762,0.7169796824455261,0.699364185333252
9450,17,0.18219006061553955,0.08904385566711426,0.00042913516517728567,0.09064280986785889,0.0,0.001034464337863028,0.001039791153743863,1.0,1.0,0.4767693132162094,0.2571171224117279,0.2375795543193817,0.7278660535812378,0.6845145225524902
9500,17,0.18081660568714142,0.08810114860534668,0.00047624699072912335,0.08991292119026184,0.0,0.0011574719101190567,0.001168818213045597,1.0,1.0,0.48226582258939743,0.2550542950630188,0.2583686411380768,0.698319673538208,0.7173206806182861
9550,18,0.17912669479846954,0.08836886286735535,0.0005116677493788302,0.08812607824802399,0.0,0.001068304292857647,0.0010517870541661978,1.0,1.0,0.4747910611331463,0.23609501123428345,0.24783383309841156,0.7226548790931702,0.69258052110672
9600,18,0.17307685315608978,0.0841449424624443,0.0004982778336852789,0.08630968630313873,0.0,0.0010590574238449335,0.0010648744646459818,1.0,1.0,0.47755417600274086,0.23453156650066376,0.2590639889240265,0.7015767693519592,0.715044379234314
9650,18,0.1747625768184662,0.08511458337306976,0.00048102610162459314,0.08734001219272614,0.0,0.0009134798892773688,0.0009134782012552023,1.0,1.0,0.47444984316825867,0.2396896928548813,0.24148990213871002,0.6991719603538513,0.717447817325592
9700,18,0.17725397646427155,0.0868523046374321,0.0005254155257716775,0.08779770135879517,0.0,0.0010440179612487555,0.0010345233604311943,1.0,1.0,0.4809124022722244,0.2496783435344696,0.2574414908885956,0.7217417359352112,0.6947880387306213
9750,18,0.17479227483272552,0.08518160879611969,0.0004464721423573792,0.08703288435935974,0.0,0.0010592029429972172,0.0010721131693571806,1.0,1.0,0.481199998408556,0.2489423304796219,0.25988543033599854,0.7006163001060486,0.7153559327125549
9800,18,0.18326352536678314,0.08897091448307037,0.0004992694593966007,0.09125087410211563,0.0,0.0012676838086917996,0.0012747722212225199,1.0,1.0,0.4815500006079674,0.2594704031944275,0.25984111428260803,0.7053901553153992,0.7014983296394348
9850,18,0.17282095551490784,0.08458171039819717,0.0004527362179942429,0.08602648228406906,0.0,0.0008816735353320837,0.0008783701341599226,1.0,1.0,0.47582046315073967,0.2432924062013626,0.24360457062721252,0.6990436911582947,0.7173411846160889
9900,18,0.18547968566417694,0.09097640961408615,0.0005553875234909356,0.09194912016391754,0.0,0.0010037689935415983,0.0009949940722435713,1.0,1.0,0.4762319326400757,0.24499215185642242,0.24399946630001068,0.7134286165237427,0.702507495880127
9950,18,0.17679964005947113,0.08818034082651138,0.00048751060967333615,0.08586890995502472,0.0,0.0011293680872768164,0.0011335085146129131,1.0,1.0,0.4794863499701023,0.24672402441501617,0.2569367289543152,0.7125702500343323,0.7017143964767456
10000,18,0.1811142861843109,0.08910168707370758,0.0004385618958622217,0.08970245718955994,0.0,0.000932705239392817,0.0009388786274939775,1.0,1.0,0.4796125143766403,0.2509290874004364,0.2508905827999115,0.7032118439674377,0.7134185433387756
10050,18,0.17812258005142212,0.0866655558347702,0.0005277388263493776,0.0887608453631401,0.0,0.001079467823728919,0.0010889843106269836,1.0,1.0,0.48362791538238525,0.2619365453720093,0.2575799822807312,0.7209776043891907,0.6940175294876099
10100,19,0.17375336587429047,0.08425074815750122,0.0004505919641815126,0.08722337335348129,0.0,0.0009124933276325464,0.0009161685593426228,1.0,1.0,0.4756934121251106,0.2460649460554123,0.24533413350582123,0.6797667741775513,0.7316077947616577
10150,19,0.17164668440818787,0.08333321660757065,0.0004514466563705355,0.08587143570184708,0.0,0.0009947128128260374,0.000995881506241858,1.0,1.0,0.4785611145198345,0.24129237234592438,0.25693753361701965,0.7144331336021423,0.7015814185142517
10200,19,0.17441903054714203,0.08577311038970947,0.0005226898356340826,0.08606091141700745,0.0,0.0010313806124031544,0.0010309380013495684,1.0,1.0,0.47787584736943245,0.25380492210388184,0.2455194741487503,0.7095902562141418,0.7025887370109558
10250,19,0.17351630330085754,0.08424707502126694,0.0004172386834397912,0.08686885237693787,0.0,0.0009916642447933555,0.000991478213109076,1.0,1.0,0.4779757298529148,0.24650292098522186,0.2496505081653595,0.6901871562004089,0.725562334060669
10300,19,0.1693848818540573,0.08273182064294815,0.0005129930796101689,0.08406908065080643,0.0,0.0010311478981748223,0.0010398365557193756,1.0,1.0,0.47575893253088,0.23702433705329895,0.25004881620407104,0.7089869379997253,0.7069756388664246
10350,19,0.17069366574287415,0.08386732637882233,0.00046342870336957276,0.0843721553683281,0.0,0.0009950058301910758,0.0009957612492144108,1.0,1.0,0.4741663224995136,0.25035107135772705,0.24193359911441803,0.7224249243736267,0.6819556951522827
10400,19,0.17272011935710907,0.08292371779680252,0.00046867001219652593,0.08737525343894958,0.0,0.0009717099601402879,0.0009807813912630081,1.0,1.0,0.48001400008797646,0.24913735687732697,0.25423067808151245,0.7087928652763367,0.7078951001167297
10450,19,0.17664021253585815,0.08685144782066345,0.00044780661119148135,0.08715041726827621,0.0,0.0010940267238765955,0.0010964976390823722,1.0,1.0,0.47986122593283653,0.26092806458473206,0.24567349255084991,0.705299973487854,0.7075433731079102
10500,19,0.17295660078525543,0.08420977741479874,0.00048337088082917035,0.0859195664525032,0.0,0.0011670212261378765,0.001176866702735424,1.0,1.0,0.481431744992733,0.2593576908111572,0.25199273228645325,0.7048530578613281,0.7095234990119934
10550,19,0.16915686428546906,0.08182071149349213,0.0004661483399104327,0.08527139574289322,0.0,0.0007986727869138122,0.0007999362424015999,1.0,1.0,0.4723587743937969,0.2398272305727005,0.2355513870716095,0.723216712474823,0.6908397674560547
10600,19,0.17554616928100586,0.0857117623090744,0.0005010759923607111,0.0873555839061737,0.0,0.0009842596482485533,0.0009934724075719714,1.0,1.0,0.48106708750128746,0.2614790201187134,0.2464079111814499,0.7223681807518005,0.694013237953186
10650,19,0.17427103221416473,0.08641963452100754,0.0005180869484320283,0.08530770987272263,0.0,0.0010078572668135166,0.001017748611047864,1.0,1.0,0.481120802462101,0.2568500339984894,0.2532864212989807,0.7422210574150085,0.6721256971359253
10700,20,0.1722656637430191,0.08306270837783813,0.0005582676967605948,0.08677132427692413,0.0,0.0009350513573735952,0.0009383097058162093,1.0,1.0,0.4751554764807224,0.23977766931056976,0.24664536118507385,0.7501643300056458,0.6640345454216003
10750,20,0.17073361575603485,0.08391375839710236,0.0004188750754110515,0.0844741016626358,0.0,0.0009602604550309479,0.0009666166733950377,1.0,1.0,0.4824043810367584,0.2583564519882202,0.2569039463996887,0.7213718295097351,0.6929852962493896
10800,20,0.17112474143505096,0.08384647220373154,0.00041486063855700195,0.08479812741279602,0.0,0.001032359665259719,0.0010329382494091988,1.0,1.0,0.47722335904836655,0.2469845414161682,0.25045540928840637,0.7119896411895752,0.6994638442993164
10850,20,0.1704455018043518,0.08468195796012878,0.0004219221882522106,0.08347323536872864,0.0,0.0009368115570396185,0.0009315888164564967,1.0,1.0,0.4792584255337715,0.24715900421142578,0.25421205163002014,0.7232390642166138,0.6924235820770264
10900,20,0.17243531346321106,0.08457450568675995,0.00041779407183639705,0.08564884960651398,0.0,0.0008996648830361664,0.0008944945875555277,1.0,1.0,0.4758489392697811,0.24141494929790497,0.25350552797317505,0.7096925377845764,0.698782742023468
10950,20,0.17239733040332794,0.08444350957870483,0.00043312914203852415,0.08540163934230804,0.0,0.0010607951553538442,0.0010582541581243277,1.0,1.0,0.4799833670258522,0.2544802129268646,0.2509087920188904,0.7192522883415222,0.6952921748161316
11000,20,0.1717839539051056,0.08421963453292847,0.0004785708151757717,0.084933802485466,0.0,0.0010744754690676928,0.0010774512775242329,1.0,1.0,0.4820702522993088,0.251219242811203,0.2650972902774811,0.706417977809906,0.705546498298645
11050,20,0.17169837653636932,0.08360309898853302,0.0005009562592022121,0.08527688682079315,0.0,0.0011610363144427538,0.0011564037995412946,1.0,1.0,0.481143768876791,0.24719445407390594,0.2618456482887268,0.7181548476219177,0.6973801255226135
11100,20,0.1704004555940628,0.08360739052295685,0.0004228168400004506,0.08449839055538177,0.0,0.0009317320073023438,0.0009401290444657207,1.0,1.0,0.4816187024116516,0.2588167190551758,0.25203192234039307,0.7101868987083435,0.7054392695426941
11150,20,0.17525362968444824,0.08611247688531876,0.0004495348548516631,0.08658981323242188,0.0,0.0010472002904862165,0.0010546084959059954,1.0,1.0,0.4826682135462761,0.2538115978240967,0.261173278093338,0.7261132001876831,0.6895747780799866
11200,20,0.1694115400314331,0.08383390307426453,0.0004062216030433774,0.08319091796875,0.0,0.0009873732924461365,0.0009931277018040419,1.0,1.0,0.47912945598363876,0.25133615732192993,0.25192680954933167,0.7136654853820801,0.6995893716812134
